T,rep,msg_us,fswa_us,path_us
1024,0,0.07,195.72,0.09
1024,1,0.02,128.39,0.11
1024,2,0.04,111.49,0.09
1024,3,0.02,255.15,0.07
1024,4,0.02,219.35,0.12
1024,5,0.05,299.89,0.08
1024,6,0.03,140.76,0.52
1024,7,0.09,172.85,0.10
1024,8,0.04,95.46,0.08
1024,9,0.04,369.93,0.32
1024,10,0.06,317.61,0.10
1024,11,0.02,405.51,0.10
1024,12,0.05,81.88,0.08
1024,13,0.02,331.04,0.30
1024,14,0.06,870.94,0.22
1024,15,0.06,162.02,0.13
1024,16,0.02,116.04,0.24
1024,17,0.04,306.85,0.50
1024,18,0.07,139.04,0.36
1024,19,0.07,1267.54,0.30
1024,20,0.06,86.84,0.10
1024,21,0.04,294.03,0.37
1024,22,0.07,1104.43,0.41
1024,23,0.08,264.22,0.10
1024,24,0.04,166.05,0.10
1024,25,0.04,246.02,0.11
1024,26,0.05,165.95,0.22
1024,27,0.04,109.45,0.34
1024,28,0.07,124.67,0.09
1024,29,0.04,155.76,0.09
1024,30,0.04,230.51,0.18
1024,31,0.04,249.06,0.10
1024,32,0.04,459.28,0.33
1024,33,0.05,445.05,0.16
1024,34,0.05,199.94,0.18
1024,35,0.05,160.55,0.24
1024,36,0.05,186.80,0.18
1024,37,0.04,124.02,0.18
1024,38,0.06,512.11,0.45
1024,39,0.12,373.03,0.14
1024,40,0.04,732.82,0.26
1024,41,0.05,256.75,0.11
1024,42,0.05,278.58,0.11
1024,43,0.05,473.16,0.20
1024,44,0.05,243.25,0.11
1024,45,0.04,474.16,0.09
1024,46,0.05,153.86,0.10
1024,47,0.04,322.82,0.27
1024,48,0.06,454.60,0.24
1024,49,0.05,629.78,0.10
1024,50,0.04,453.11,0.17
1024,51,0.04,250.44,0.09
1024,52,0.04,344.94,0.10
1024,53,0.05,576.48,0.16
1024,54,0.04,113.53,0.14
1024,55,0.02,756.84,0.53
1024,56,0.06,709.62,0.13
1024,57,0.05,489.42,0.24
1024,58,80.10,1507.98,0.30
1024,59,0.04,296.24,0.15
1024,60,0.04,439.80,5.88
1024,61,0.07,1904.11,0.31
1024,62,0.10,1907.64,0.51
1024,63,0.08,80.14,0.08
1024,64,0.02,252.26,0.10
1024,65,0.02,179.01,0.08
1024,66,0.02,290.92,0.33
1024,67,0.05,87.80,0.08
1024,68,0.03,441.69,0.33
1024,69,0.03,184.39,0.16
1024,70,0.03,368.17,0.11
1024,71,0.03,281.58,0.08
1024,72,0.04,188.91,0.08
1024,73,0.03,213.89,0.13
1024,74,0.06,291.83,0.12
1024,75,0.06,436.53,0.14
1024,76,0.06,120.25,0.15
1024,77,0.05,162.80,0.11
1024,78,0.03,554.37,0.28
1024,79,0.03,471.68,0.22
1024,80,0.07,133.09,0.23
1024,81,0.11,262.57,0.09
1024,82,0.03,508.09,0.09
1024,83,0.04,123.69,0.11
1024,84,0.03,284.51,0.22
1024,85,0.12,290.65,0.15
1024,86,0.08,129.97,0.14
1024,87,0.07,277.06,0.20
1024,88,0.15,405.28,0.17
1024,89,0.04,423.79,0.19
1024,90,0.03,188.29,0.13
1024,91,0.07,556.55,0.72
1024,92,0.10,150.38,0.44
1024,93,0.07,217.78,0.08
1024,94,0.02,71.27,0.05
1024,95,0.02,239.20,0.12
1024,96,0.04,339.82,0.07
1024,97,0.02,279.21,0.10
1024,98,0.05,165.74,0.17
1024,99,0.08,172.77,0.10
1024,100,0.05,92.59,0.08
1024,101,0.03,319.61,0.07
1024,102,0.03,129.20,0.07
1024,103,0.02,91.16,0.06
1024,104,0.02,187.03,0.10
1024,105,0.05,96.29,0.09
1024,106,0.05,98.68,0.09
1024,107,0.03,341.36,0.16
1024,108,0.05,416.19,0.35
1024,109,0.07,335.82,0.32
1024,110,0.07,272.60,0.32
1024,111,0.07,196.98,0.08
1024,112,0.02,343.96,0.30
1024,113,0.09,327.12,0.36
1024,114,0.07,1894.95,0.23
1024,115,0.06,78.46,0.06
1024,116,0.02,131.42,0.08
1024,117,0.02,160.01,0.06
1024,118,0.02,1019.92,0.53
1024,119,0.10,88.04,0.10
1024,120,0.04,248.91,0.09
1024,121,0.05,118.20,0.08
1024,122,0.02,87.05,0.06
1024,123,0.03,89.37,0.07
1024,124,0.02,330.51,0.07
1024,125,0.03,95.83,0.08
1024,126,0.03,188.09,0.11
1024,127,0.05,98.07,0.08
1024,128,0.05,324.47,0.09
1024,129,0.04,179.33,0.09
1024,130,0.06,142.16,0.07
1024,131,0.02,479.51,0.18
1024,132,0.03,149.48,0.10
1024,133,0.03,328.99,0.12
1024,134,0.06,102.03,0.20
1024,135,0.05,327.55,0.16
1024,136,0.06,208.16,0.11
1024,137,0.06,693.77,0.20
1024,138,0.05,97.42,0.08
1024,139,0.02,404.96,0.13
1024,140,0.05,95.66,0.08
1024,141,0.04,136.04,0.08
1024,142,0.03,94.63,0.07
1024,143,0.02,215.37,0.07
1024,144,0.02,175.34,0.15
1024,145,0.07,351.67,0.08
1024,146,0.05,162.57,0.07
1024,147,0.02,209.29,0.30
1024,148,0.03,220.20,0.08
1024,149,0.03,156.19,0.14
1024,150,0.05,205.16,0.14
1024,151,0.05,99.58,0.15
1024,152,0.05,330.13,0.16
1024,153,0.11,134.76,0.14
1024,154,0.05,136.62,0.08
1024,155,0.05,185.54,0.07
1024,156,0.03,215.48,0.29
1024,157,0.02,172.10,0.08
1024,158,0.03,265.31,0.11
1024,159,0.13,137.09,0.09
1024,160,0.05,95.00,0.08
1024,161,0.02,373.55,0.08
1024,162,0.04,211.21,0.09
1024,163,0.05,304.73,0.14
1024,164,0.23,204.88,0.08
1024,165,0.04,345.78,0.11
1024,166,0.05,218.20,0.17
1024,167,0.05,445.23,0.39
1024,168,0.24,493.21,0.33
1024,169,0.07,111.61,0.08
1024,170,0.02,210.95,0.08
1024,171,0.02,332.72,0.07
1024,172,0.02,129.15,0.06
1024,173,0.02,336.84,0.08
1024,174,0.02,111.89,0.17
1024,175,0.05,231.27,0.12
1024,176,0.06,368.17,0.10
1024,177,0.03,151.17,0.17
1024,178,0.03,206.05,0.13
1024,179,0.07,249.92,0.10
1024,180,0.05,168.26,0.09
1024,181,0.08,115.36,0.09
1024,182,0.03,441.19,0.73
1024,183,0.09,245.29,0.18
1024,184,0.05,253.40,0.10
1024,185,0.04,214.17,0.09
1024,186,0.04,231.22,0.09
1024,187,0.05,487.40,0.09
1024,188,0.02,81.58,0.06
1024,189,0.03,82.02,0.06
1024,190,0.02,262.85,0.07
1024,191,0.02,216.29,0.07
1024,192,0.02,248.21,0.06
1024,193,0.02,195.27,0.10
1024,194,0.05,85.05,0.08
1024,195,0.04,88.18,0.07
1024,196,0.04,205.80,0.10
1024,197,0.05,174.48,0.13
1024,198,0.04,149.65,0.55
1024,199,0.08,220.98,0.23
1024,200,0.05,219.49,0.34
1024,201,0.07,338.88,0.12
1024,202,0.02,74.24,0.06
1024,203,0.02,74.80,0.06
1024,204,0.02,165.32,0.07
1024,205,0.02,384.39,0.11
1024,206,0.05,132.55,0.11
1024,207,0.05,89.96,0.07
1024,208,0.02,90.69,0.08
1024,209,0.02,203.93,0.07
1024,210,0.02,96.52,0.09
1024,211,0.02,460.17,0.16
1024,212,0.03,261.87,0.08
1024,213,0.03,286.43,0.15
1024,214,0.03,220.51,0.11
1024,215,0.05,338.41,0.10
1024,216,0.03,209.12,0.08
1024,217,0.03,347.66,0.45
1024,218,0.05,97.64,0.29
1024,219,0.04,93.64,0.17
1024,220,0.03,91.73,0.15
1024,221,0.02,290.23,0.23
1024,222,0.05,249.54,0.16
1024,223,0.05,141.05,0.19
1024,224,0.05,267.49,0.16
1024,225,0.04,447.82,0.14
1024,226,0.03,93.76,0.22
1024,227,0.02,267.35,0.06
1024,228,0.02,121.61,0.07
1024,229,0.02,317.60,0.27
1024,230,0.14,126.07,0.20
1024,231,0.02,127.36,0.10
1024,232,0.04,250.65,0.07
1024,233,0.04,178.65,0.14
1024,234,0.05,409.63,0.19
1024,235,0.06,116.17,0.15
1024,236,0.03,262.82,0.06
1024,237,0.04,280.30,0.56
1024,238,0.21,287.57,0.20
1024,239,0.04,131.23,0.08
1024,240,0.04,336.93,0.11
1024,241,0.06,127.24,0.08
1024,242,0.03,971.12,0.88
1024,243,0.05,112.59,0.09
1024,244,0.02,81.17,0.08
1024,245,0.02,194.93,0.08
1024,246,0.02,365.00,0.11
1024,247,0.05,131.26,0.07
1024,248,0.02,1024.79,0.43
1024,249,0.07,238.65,0.15
1024,250,0.06,80.34,0.10
1024,251,0.04,194.99,0.07
1024,252,0.02,169.64,0.11
1024,253,0.05,501.27,0.57
1024,254,0.10,317.98,0.12
1024,255,0.06,167.12,0.09
1024,256,0.04,141.98,0.09
1024,257,0.04,370.84,0.13
1024,258,0.04,148.40,0.37
1024,259,0.07,176.97,0.08
1024,260,0.04,379.50,0.10
1024,261,0.04,120.98,0.06
1024,262,0.02,193.25,0.07
1024,263,0.02,1008.92,0.36
1024,264,0.08,188.42,0.11
1024,265,0.05,93.81,0.08
1024,266,0.02,128.46,0.07
1024,267,0.02,96.85,0.06
1024,268,0.02,285.57,0.07
1024,269,0.03,219.44,0.10
1024,270,0.05,97.72,0.09
1024,271,0.05,175.29,0.08
1024,272,0.05,96.93,0.08
1024,273,0.05,192.99,0.34
1024,274,0.06,385.41,0.34
1024,275,0.07,154.57,0.15
1024,276,0.05,462.21,0.37
1024,277,0.07,178.50,0.14
1024,278,0.05,159.95,0.39
1024,279,0.10,487.59,0.23
1024,280,0.02,165.97,0.06
1024,281,0.02,110.03,0.17
1024,282,0.02,136.90,0.12
1024,283,0.02,75.75,0.05
1024,284,0.02,75.95,0.06
1024,285,0.02,103.68,0.06
1024,286,0.03,106.23,0.23
1024,287,0.02,359.83,0.37
1024,288,0.02,122.82,0.17
1024,289,0.05,93.82,0.09
1024,290,0.05,162.87,0.07
1024,291,0.02,130.56,0.09
1024,292,0.02,531.39,0.49
1024,293,0.03,210.85,0.07
1024,294,0.02,99.58,0.14
1024,295,0.03,135.37,0.15
1024,296,0.03,100.70,0.08
1024,297,0.02,100.22,0.21
1024,298,0.04,227.73,0.19
1024,299,0.03,97.22,0.23
1024,300,0.03,108.93,0.14
1024,301,0.06,96.86,0.09
1024,302,0.05,211.27,0.18
1024,303,0.05,130.49,0.08
1024,304,0.04,524.13,0.24
1024,305,0.02,206.22,0.27
1024,306,0.12,164.39,0.08
1024,307,0.02,90.80,0.07
1024,308,0.02,397.24,0.13
1024,309,0.05,93.52,0.18
1024,310,0.08,123.65,0.08
1024,311,0.02,122.19,0.07
1024,312,0.02,292.32,0.12
1024,313,0.05,121.41,0.07
1024,314,0.04,353.06,0.07
1024,315,0.04,587.35,0.67
1024,316,0.05,1928.77,0.98
1024,317,0.26,235.15,0.24
1024,318,0.02,81.93,0.08
1024,319,0.02,231.50,0.06
1024,320,0.02,155.64,0.09
1024,321,0.04,149.74,0.07
1024,322,0.02,246.09,0.09
1024,323,0.04,97.54,0.09
1024,324,0.04,108.01,0.07
1024,325,0.04,249.04,0.07
1024,326,0.02,362.08,0.35
1024,327,0.08,361.94,0.43
1024,328,0.07,116.35,0.36
1024,329,0.08,238.49,0.10
1024,330,0.05,101.06,0.06
1024,331,0.02,282.66,0.13
1024,332,0.02,153.73,0.05
1024,333,0.02,72.98,0.05
1024,334,0.02,77.62,0.06
1024,335,0.02,190.47,0.10
1024,336,0.05,383.62,0.11
1024,337,0.05,562.56,0.11
1024,338,0.05,180.41,0.10
1024,339,0.04,182.69,0.11
1024,340,0.05,113.24,0.10
1024,341,0.05,132.83,0.07
1024,342,0.03,371.19,0.21
1024,343,0.05,583.79,0.52
1024,344,0.07,327.94,0.42
1024,345,0.09,365.22,0.30
1024,346,0.07,93.65,0.13
1024,347,0.04,210.91,0.09
1024,348,0.04,78.78,0.06
1024,349,0.02,80.24,0.06
1024,350,0.02,118.73,0.06
1024,351,0.02,87.95,0.06
1024,352,0.02,197.39,0.07
1024,353,0.02,94.01,0.07
1024,354,0.02,277.99,0.08
1024,355,0.03,309.28,0.08
1024,356,0.03,252.48,0.16
1024,357,0.03,166.48,0.13
1024,358,0.06,128.34,0.12
1024,359,0.06,208.08,0.11
1024,360,0.06,305.14,0.17
1024,361,0.06,375.21,0.16
1024,362,0.04,125.93,0.10
1024,363,0.03,168.74,0.20
1024,364,0.04,256.88,0.34
1024,365,0.03,126.99,0.12
1024,366,0.12,342.82,0.15
1024,367,0.11,356.96,0.13
1024,368,0.04,636.57,0.25
1024,369,0.11,227.85,0.12
1024,370,0.03,354.92,0.15
1024,371,0.11,121.62,0.15
1024,372,0.03,453.99,0.26
1024,373,0.06,1698.05,0.53
1024,374,0.07,236.76,0.09
1024,375,0.04,235.69,0.09
1024,376,0.04,74.93,0.06
1024,377,0.02,226.93,0.15
1024,378,0.04,150.13,0.10
1024,379,0.04,86.05,0.10
1024,380,0.04,89.22,0.10
1024,381,0.04,82.48,0.07
1024,382,0.02,515.34,0.24
1024,383,0.04,311.48,0.18
1024,384,0.05,515.02,0.48
1024,385,0.07,364.10,0.36
1024,386,0.07,146.10,0.44
1024,387,0.10,165.18,0.09
1024,388,0.03,195.27,0.12
1024,389,0.05,134.53,0.07
1024,390,0.03,540.68,0.46
1024,391,0.09,391.91,0.21
1024,392,0.05,148.83,0.14
1024,393,0.05,166.30,0.14
1024,394,0.05,211.59,0.09
1024,395,0.03,248.81,0.15
1024,396,0.05,160.73,0.14
1024,397,0.05,379.03,0.23
1024,398,0.02,2098.65,0.64
1024,399,0.31,195.87,0.07
1024,400,0.02,357.85,0.06
1024,401,0.02,248.61,0.06
1024,402,0.02,426.00,0.09
1024,403,0.04,212.09,0.08
1024,404,0.04,532.23,0.07
1024,405,0.14,248.27,0.07
1024,406,0.13,94.34,0.10
1024,407,0.05,244.87,0.08
1024,408,0.04,162.10,0.08
1024,409,0.03,250.58,0.20
1024,410,0.08,96.82,0.10
1024,411,0.02,177.35,0.10
1024,412,0.03,251.55,0.08
1024,413,0.03,227.63,0.07
1024,414,0.18,741.75,0.25
1024,415,0.07,349.77,0.16
1024,416,0.07,187.79,0.10
1024,417,0.04,178.59,0.29
1024,418,0.03,172.17,0.17
1024,419,0.03,382.68,0.19
1024,420,0.05,186.46,0.16
1024,421,0.04,188.18,0.16
1024,422,0.03,278.63,0.24
1024,423,0.06,213.99,0.18
1024,424,0.07,654.52,0.25
1024,425,0.05,608.32,0.11
1024,426,0.06,262.64,0.09
1024,427,0.06,2853.42,0.53
1024,428,0.07,1056.24,0.48
1024,429,0.07,201.70,0.30
1024,430,0.14,117.27,0.32
1024,431,0.05,139.26,0.32
1024,432,0.10,73.76,0.10
1024,433,0.02,73.06,0.05
1024,434,0.02,162.06,0.24
1024,435,0.05,431.81,0.28
1024,436,0.05,129.63,0.13
1024,437,0.04,195.24,0.13
1024,438,0.07,1084.02,0.53
1024,439,0.10,430.83,0.10
1024,440,0.02,81.28,0.06
1024,441,0.02,157.67,0.15
1024,442,0.07,131.97,0.06
1024,443,0.02,506.60,0.13
1024,444,0.06,2412.86,0.47
1024,445,0.09,264.91,0.09
1024,446,0.02,96.69,0.08
1024,447,0.03,169.93,0.07
1024,448,0.03,351.21,0.08
1024,449,0.03,239.26,0.12
1024,450,0.06,98.98,0.08
1024,451,0.05,141.46,0.08
1024,452,0.05,140.72,0.07
1024,453,0.03,191.96,0.08
1024,454,0.03,273.48,0.08
1024,455,0.03,144.76,0.08
1024,456,0.03,232.91,0.13
1024,457,0.03,362.68,0.08
1024,458,0.03,148.45,0.15
1024,459,0.03,121.04,0.19
1024,460,0.07,293.92,0.08
1024,461,0.10,111.88,0.17
1024,462,0.05,244.96,0.10
1024,463,0.05,205.36,0.16
1024,464,0.04,216.39,0.09
1024,465,0.03,453.11,0.22
1024,466,0.12,123.00,0.09
1024,467,0.03,133.91,0.16
1024,468,0.06,122.23,0.11
1024,469,0.06,2461.71,0.62
1024,470,0.07,106.16,0.08
1024,471,0.02,554.37,0.30
1024,472,0.05,114.81,0.10
1024,473,0.05,248.56,0.31
1024,474,0.08,221.59,0.08
1024,475,0.02,138.00,0.06
1024,476,0.03,155.99,0.09
1024,477,0.04,560.97,0.09
1024,478,0.03,432.07,0.08
1024,479,0.03,98.16,0.07
1024,480,0.02,189.63,0.08
1024,481,0.03,408.12,0.18
1024,482,0.06,157.43,0.48
1024,483,0.10,98.26,0.06
1024,484,0.02,71.10,0.05
1024,485,0.02,200.98,0.35
1024,486,0.06,465.96,0.18
1024,487,0.04,96.46,0.05
1024,488,0.02,132.36,0.08
1024,489,0.04,105.10,0.06
1024,490,0.02,181.91,0.06
1024,491,0.02,282.70,0.06
1024,492,0.02,313.36,0.08
1024,493,0.02,322.35,0.12
1024,494,0.03,141.56,0.09
1024,495,0.02,337.98,0.12
1024,496,0.05,139.22,0.09
1024,497,0.05,487.68,0.20
1024,498,0.05,713.56,0.48
1024,499,0.21,93.53,0.08
1024,500,0.03,90.73,0.07
1024,501,0.02,242.66,0.08
1024,502,0.02,166.89,0.07
1024,503,0.02,444.58,0.08
1024,504,0.02,300.24,0.10
1024,505,0.05,522.16,0.06
1024,506,0.02,362.95,0.06
1024,507,0.02,269.39,0.12
1024,508,0.02,156.76,0.07
1024,509,0.02,118.10,0.07
1024,510,0.02,148.61,0.06
1024,511,0.02,155.70,0.13
1024,512,0.02,222.62,0.17
1024,513,0.04,83.63,0.08
1024,514,0.03,153.72,0.08
1024,515,0.03,145.05,0.10
1024,516,0.03,250.11,0.17
1024,517,0.06,182.53,0.13
1024,518,0.02,89.73,0.07
1024,519,0.02,383.39,0.09
1024,520,0.03,285.78,0.15
1024,521,0.04,275.29,0.10
1024,522,0.05,304.52,0.10
1024,523,0.03,332.50,0.13
1024,524,0.06,326.03,0.15
1024,525,0.09,580.81,0.15
1024,526,0.05,129.67,0.42
1024,527,0.09,209.35,0.34
1024,528,0.06,1047.01,0.38
1024,529,0.14,238.24,0.41
1024,530,0.09,277.67,0.08
1024,531,0.02,287.25,0.06
1024,532,0.02,203.11,0.06
1024,533,0.02,236.15,0.07
1024,534,0.04,196.18,0.09
1024,535,0.02,140.83,0.06
1024,536,0.02,106.06,0.06
1024,537,0.02,105.89,0.06
1024,538,0.02,206.92,0.06
1024,539,0.02,84.76,0.06
1024,540,0.02,115.42,0.06
1024,541,0.02,432.04,0.13
1024,542,0.02,222.19,0.10
1024,543,0.06,210.34,0.32
1024,544,0.07,352.71,0.38
1024,545,0.09,314.40,0.10
1024,546,0.04,182.23,0.07
1024,547,0.02,122.48,0.09
1024,548,0.05,82.89,0.07
1024,549,0.04,352.30,0.14
1024,550,0.02,262.44,0.07
1024,551,0.02,328.04,0.06
1024,552,0.02,298.39,0.36
1024,553,0.07,369.81,0.35
1024,554,0.06,1688.80,0.65
1024,555,0.10,167.85,0.13
1024,556,0.04,199.55,0.07
1024,557,0.02,605.01,0.06
1024,558,0.02,125.14,0.07
1024,559,0.02,87.15,0.07
1024,560,0.02,143.00,0.07
1024,561,0.02,138.33,0.07
1024,562,0.02,97.53,0.07
1024,563,0.03,218.70,0.30
1024,564,0.03,102.79,0.07
1024,565,0.03,229.39,0.11
1024,566,0.05,209.14,0.09
1024,567,0.05,489.68,0.11
1024,568,0.05,132.80,0.09
1024,569,0.09,179.63,0.13
1024,570,0.02,317.29,0.17
1024,571,0.04,360.40,0.15
1024,572,0.06,130.70,0.13
1024,573,0.05,351.22,0.15
1024,574,0.04,262.27,0.27
1024,575,0.02,93.57,0.08
1024,576,0.02,158.16,0.16
1024,577,0.02,93.19,0.15
1024,578,0.02,131.45,0.14
1024,579,0.03,134.35,0.46
1024,580,0.02,227.31,0.15
1024,581,0.03,96.85,0.08
1024,582,0.02,103.56,0.14
1024,583,0.02,153.22,0.14
1024,584,0.06,263.16,0.12
1024,585,0.05,94.57,0.08
1024,586,0.05,204.27,0.08
1024,587,0.03,308.75,0.18
1024,588,0.05,194.26,0.16
1024,589,0.02,1466.50,0.69
1024,590,0.15,174.08,0.10
1024,591,0.02,106.46,0.07
1024,592,0.02,714.99,0.48
1024,593,0.11,242.18,0.07
1024,594,0.02,260.03,0.06
1024,595,0.02,85.45,0.09
1024,596,0.04,110.49,0.07
1024,597,0.02,360.58,0.06
1024,598,0.02,418.92,0.48
1024,599,0.12,94.97,0.12
1024,600,0.03,167.51,0.10
1024,601,0.02,225.89,0.32
1024,602,0.07,461.64,0.16
1024,603,0.05,116.55,0.09
1024,604,0.02,161.60,0.07
1024,605,0.02,403.46,0.11
1024,606,0.05,855.71,0.35
1024,607,0.06,349.33,0.10
1024,608,0.06,638.93,0.08
1024,609,0.07,943.98,0.55
1024,610,0.13,87.83,0.09
1024,611,0.02,216.38,0.07
1024,612,0.02,221.95,0.06
1024,613,0.02,112.06,0.06
1024,614,0.02,81.41,0.06
1024,615,0.02,81.52,0.06
1024,616,0.02,255.01,0.06
1024,617,0.02,179.38,0.06
1024,618,0.02,111.27,0.05
1024,619,0.02,293.67,0.09
1024,620,0.04,82.27,0.08
1024,621,0.03,205.05,0.11
1024,622,0.05,414.13,0.14
1024,623,0.06,244.47,0.10
1024,624,0.02,97.08,0.08
1024,625,0.03,422.57,0.07
1024,626,0.03,275.79,0.14
1024,627,0.06,104.51,0.08
1024,628,0.05,111.34,0.11
1024,629,0.06,143.19,0.11
1024,630,0.06,475.92,0.27
1024,631,0.03,209.90,0.18
1024,632,0.09,476.28,0.14
1024,633,0.03,115.32,0.36
1024,634,0.03,477.04,0.17
1024,635,0.06,117.75,0.22
1024,636,0.15,223.92,0.11
1024,637,0.06,169.26,0.17
1024,638,0.04,332.10,0.17
1024,639,0.06,121.87,0.19
1024,640,0.03,280.81,0.13
1024,641,0.06,265.95,0.21
1024,642,0.06,356.57,0.10
1024,643,0.16,270.97,0.15
1024,644,0.07,278.64,0.10
1024,645,0.06,279.64,0.10
1024,646,0.03,167.50,0.08
1024,647,0.03,216.74,0.14
1024,648,0.07,507.87,0.10
1024,649,0.06,121.94,0.10
1024,650,0.03,123.35,0.17
1024,651,0.03,312.20,0.24
1024,652,0.03,115.33,0.10
1024,653,0.03,200.23,0.20
1024,654,0.03,214.28,0.08
1024,655,0.03,316.97,0.31
1024,656,0.06,361.08,0.70
1024,657,0.06,206.52,0.50
1024,658,0.13,310.93,0.09
1024,659,0.02,210.13,0.10
1024,660,0.02,720.48,0.29
1024,661,0.07,92.72,0.11
1024,662,0.04,146.99,0.09
1024,663,0.04,594.95,0.17
1024,664,0.04,467.14,0.20
1024,665,0.04,251.83,0.33
1024,666,0.07,368.44,0.17
1024,667,0.06,164.10,0.08
1024,668,0.02,910.75,0.47
1024,669,0.11,141.63,0.10
1024,670,0.05,381.06,0.08
1024,671,0.02,224.98,0.08
1024,672,0.02,167.90,0.07
1024,673,0.02,142.30,0.08
1024,674,0.03,366.51,0.12
1024,675,0.05,99.08,0.09
1024,676,0.04,1582.80,0.38
1024,677,0.11,310.56,0.12
1024,678,0.03,367.23,0.11
1024,679,0.05,185.06,0.14
1024,680,0.05,284.00,0.14
1024,681,0.06,114.57,0.27
1024,682,0.03,152.29,0.16
1024,683,0.15,432.58,0.24
1024,684,0.03,148.67,0.08
1024,685,0.03,288.38,0.17
1024,686,0.03,237.94,0.48
1024,687,0.23,869.27,0.28
1024,688,0.08,156.29,0.14
1024,689,0.06,200.97,0.15
1024,690,0.09,210.03,0.17
1024,691,0.05,164.35,0.16
1024,692,0.03,372.71,0.30
1024,693,0.06,299.72,0.16
1024,694,0.06,212.88,0.10
1024,695,0.03,109.41,0.08
1024,696,0.03,165.21,0.09
1024,697,0.03,543.31,0.13
1024,698,0.04,345.20,0.12
1024,699,0.06,248.48,0.10
1024,700,0.06,305.27,0.09
1024,701,0.06,287.91,0.09
1024,702,0.06,171.30,0.15
1024,703,0.03,123.91,0.08
1024,704,0.03,124.98,0.11
1024,705,0.03,191.51,0.22
1024,706,0.17,412.72,0.14
1024,707,0.09,161.79,0.08
1024,708,0.13,365.74,0.79
1024,709,0.09,559.10,0.13
1024,710,0.05,549.30,0.35
1024,711,0.09,569.38,0.13
1024,712,0.05,143.42,0.10
1024,713,0.04,129.62,0.09
1024,714,0.03,452.85,0.12
1024,715,0.05,100.75,0.08
1024,716,0.05,102.04,0.08
1024,717,0.03,263.88,0.37
1024,718,0.07,189.77,0.30
1024,719,0.06,74.97,0.08
1024,720,0.02,94.49,0.19
1024,721,0.04,245.92,0.10
1024,722,0.04,77.61,0.05
1024,723,0.02,106.28,0.05
1024,724,0.02,149.47,0.06
1024,725,0.02,1078.93,0.54
1024,726,0.16,552.72,0.36
1024,727,0.08,97.80,0.09
1024,728,0.04,101.64,0.10
1024,729,0.04,522.07,0.26
1024,730,0.06,1427.33,0.75
1024,731,0.08,78.05,0.07
1024,732,0.03,215.00,0.06
1024,733,0.03,144.42,0.07
1024,734,0.02,82.49,0.07
1024,735,0.02,348.17,0.10
1024,736,0.04,167.74,0.07
1024,737,0.03,323.75,0.12
1024,738,0.06,104.33,0.09
1024,739,0.05,237.24,0.09
1024,740,0.03,519.83,0.12
1024,741,0.06,113.04,0.11
1024,742,0.03,114.05,0.15
1024,743,0.03,459.76,0.14
1024,744,0.12,437.06,0.28
1024,745,0.06,454.60,0.18
1024,746,0.03,268.58,0.21
1024,747,0.03,176.48,0.10
1024,748,0.06,120.90,0.09
1024,749,0.06,177.19,0.17
1024,750,0.05,286.55,0.41
1024,751,0.06,164.25,0.20
1024,752,0.06,123.23,0.15
1024,753,0.04,234.03,0.20
1024,754,0.14,535.46,0.29
1024,755,0.09,426.34,0.28
1024,756,0.12,152.27,0.15
1024,757,0.15,151.27,0.27
1024,758,0.03,1668.83,0.64
1024,759,0.07,882.35,0.36
1024,760,0.07,70.41,0.07
1024,761,0.02,145.51,0.07
1024,762,0.02,75.30,0.06
1024,763,0.02,151.25,0.05
1024,764,0.02,125.41,0.12
1024,765,0.04,275.32,0.07
1024,766,0.02,245.33,0.52
1024,767,0.09,194.48,0.33
1024,768,0.08,1144.51,0.39
1024,769,0.07,106.40,0.09
1024,770,0.02,333.01,0.06
1024,771,0.02,224.89,0.07
1024,772,0.02,217.88,0.07
1024,773,0.02,241.51,0.08
1024,774,0.03,102.78,0.08
1024,775,0.03,103.49,0.08
1024,776,0.03,112.68,0.11
1024,777,0.05,144.60,0.11
1024,778,0.05,255.10,0.37
1024,779,0.07,2334.76,0.84
1024,780,0.11,270.56,0.14
1024,781,0.05,120.80,0.08
1024,782,0.02,444.84,0.44
1024,783,0.07,125.29,0.07
1024,784,0.02,73.34,0.07
1024,785,0.02,72.99,0.06
1024,786,0.02,151.26,0.11
1024,787,0.04,104.74,0.05
1024,788,0.02,158.20,0.09
1024,789,0.04,83.57,0.09
1024,790,0.04,166.05,0.06
1024,791,0.02,150.05,0.05
1024,792,0.02,214.05,0.10
1024,793,0.05,223.12,0.14
1024,794,0.05,320.37,0.13
1024,795,0.14,90.57,0.15
1024,796,0.03,202.31,0.07
1024,797,0.02,300.15,0.14
1024,798,0.04,175.92,0.16
1024,799,0.04,106.35,0.51
1024,800,0.05,630.62,0.20
1024,801,0.04,112.61,0.10
1024,802,0.04,358.25,0.15
1024,803,0.04,630.37,6.62
1024,804,0.12,223.42,0.18
1024,805,0.13,144.54,0.16
1024,806,0.02,220.67,0.23
1024,807,0.04,564.84,0.54
1024,808,0.08,105.09,0.08
1024,809,0.04,543.48,0.71
1024,810,0.05,280.26,0.22
1024,811,0.05,306.37,0.37
1024,812,0.09,432.61,0.20
1024,813,0.13,167.30,0.35
1024,814,0.05,195.20,0.24
1024,815,0.05,344.36,0.36
1024,816,0.08,648.80,0.38
1024,817,0.08,1286.12,0.86
1024,818,0.10,269.45,0.12
1024,819,0.05,79.61,0.07
1024,820,0.02,113.40,0.06
1024,821,0.02,89.46,0.07
1024,822,0.02,80.99,0.06
1024,823,0.02,80.56,0.07
1024,824,0.02,269.40,0.07
1024,825,0.02,169.74,0.07
1024,826,0.02,384.97,0.16
1024,827,0.03,281.14,0.08
1024,828,0.03,144.13,0.08
1024,829,0.03,358.33,0.42
1024,830,0.07,76.77,0.10
1024,831,0.03,95.22,0.07
1024,832,0.02,1425.51,0.53
1024,833,0.07,843.84,0.34
1024,834,0.07,999.23,0.54
1024,835,0.10,248.33,0.09
1024,836,0.03,142.08,0.13
1024,837,0.03,266.84,0.07
1024,838,0.02,184.51,0.07
1024,839,0.03,180.65,0.06
1024,840,0.03,763.67,0.22
1024,841,0.15,169.41,0.15
1024,842,0.03,277.39,0.07
1024,843,0.03,408.20,0.06
1024,844,0.02,277.97,0.25
1024,845,0.03,210.09,0.07
1024,846,0.02,89.87,0.16
1024,847,0.02,390.30,0.18
1024,848,0.05,128.12,0.16
1024,849,0.04,160.39,0.07
1024,850,0.04,226.41,0.14
1024,851,0.04,208.96,0.23
1024,852,0.11,207.33,0.30
1024,853,0.21,185.11,0.19
1024,854,0.07,174.84,0.40
1024,855,0.17,100.69,0.16
1024,856,0.02,178.47,0.08
1024,857,0.03,241.56,0.16
1024,858,0.09,243.13,0.26
1024,859,0.04,210.59,0.17
1024,860,0.06,173.29,0.24
1024,861,0.15,115.95,0.19
1024,862,0.15,166.40,0.18
1024,863,0.03,117.70,0.08
1024,864,0.03,158.86,0.19
1024,865,0.04,221.34,0.08
1024,866,0.03,298.01,0.29
1024,867,0.03,174.85,0.23
1024,868,0.06,169.40,0.14
1024,869,0.13,523.64,0.19
1024,870,0.16,225.13,0.09
1024,871,0.07,466.93,0.32
1024,872,0.16,2167.72,0.82
1024,873,0.09,74.86,0.08
1024,874,0.02,112.17,0.10
1024,875,0.02,681.90,0.13
1024,876,0.05,167.24,0.13
1024,877,0.04,142.31,0.17
1024,878,0.08,99.92,0.08
1024,879,0.02,1089.87,0.65
1024,880,0.07,720.97,0.15
1024,881,0.05,188.30,0.37
1024,882,0.06,98.90,0.11
1024,883,0.04,285.95,0.48
1024,884,0.10,852.47,0.33
1024,885,0.06,1870.53,0.72
1024,886,0.08,82.64,0.09
1024,887,0.02,657.09,0.28
1024,888,0.05,80.26,0.08
1024,889,0.02,154.96,0.07
1024,890,0.02,161.13,0.07
1024,891,0.02,193.57,0.06
1024,892,0.02,310.96,0.17
1024,893,0.02,188.05,0.07
1024,894,0.03,97.60,0.07
1024,895,0.02,95.64,0.07
1024,896,0.02,447.16,0.29
1024,897,0.05,144.88,0.09
1024,898,0.05,283.52,0.16
1024,899,0.05,576.74,0.31
1024,900,0.10,212.24,0.31
1024,901,0.13,346.12,0.42
1024,902,0.13,409.31,0.15
1024,903,0.05,312.83,0.31
1024,904,0.05,133.56,0.14
1024,905,0.03,96.41,0.09
1024,906,0.03,132.55,0.14
1024,907,0.03,186.98,0.13
1024,908,0.03,103.43,0.07
1024,909,0.03,407.38,0.10
1024,910,0.02,139.14,0.18
1024,911,0.03,253.21,0.16
1024,912,0.05,199.24,0.18
1024,913,0.19,176.04,0.12
1024,914,0.03,97.92,0.10
1024,915,0.03,97.91,0.19
1024,916,0.02,95.59,0.16
1024,917,0.11,301.31,0.17
1024,918,0.03,95.20,0.19
1024,919,0.02,203.68,0.07
1024,920,0.03,698.65,0.11
1024,921,0.05,395.90,0.09
1024,922,0.22,333.14,0.09
1024,923,0.04,98.83,0.08
1024,924,0.02,132.05,0.11
1024,925,0.03,139.97,0.12
1024,926,0.03,189.18,0.11
1024,927,0.06,172.65,0.17
1024,928,0.05,147.85,0.10
1024,929,0.05,247.80,0.67
1024,930,0.07,1738.28,0.52
1024,931,0.08,216.69,0.10
1024,932,0.04,233.67,0.37
1024,933,0.06,71.90,0.07
1024,934,0.02,189.76,0.35
1024,935,0.09,310.01,0.07
1024,936,0.02,281.34,0.10
1024,937,0.05,376.07,0.10
1024,938,0.05,182.30,0.10
1024,939,0.05,1706.85,0.46
1024,940,0.05,130.55,0.08
1024,941,0.02,259.27,0.35
1024,942,0.07,228.22,0.40
1024,943,0.07,717.23,0.15
1024,944,0.04,2414.58,0.65
1024,945,0.09,68.86,0.07
1024,946,0.02,66.65,0.05
1024,947,0.02,66.73,0.05
1024,948,0.02,66.17,0.06
1024,949,0.02,175.86,0.08
1024,950,0.04,102.81,0.07
1024,951,0.03,109.21,0.06
1024,952,0.03,237.46,0.07
1024,953,0.03,81.57,0.06
1024,954,0.02,211.48,0.13
1024,955,0.02,87.07,0.06
1024,956,0.11,89.66,0.07
1024,957,0.03,162.21,0.07
1024,958,0.02,255.43,0.19
1024,959,0.05,637.35,0.08
1024,960,0.05,91.22,0.08
1024,961,0.04,246.78,0.14
1024,962,0.04,313.18,0.14
1024,963,0.02,89.85,0.15
1024,964,0.02,168.72,0.14
1024,965,0.02,290.59,0.21
1024,966,0.05,127.00,0.08
1024,967,0.04,3775.02,0.97
1024,968,0.07,315.29,0.16
1024,969,0.06,114.15,0.07
1024,970,0.02,290.45,0.10
1024,971,0.04,79.86,0.07
1024,972,0.04,117.62,0.07
1024,973,0.02,148.65,0.07
1024,974,0.02,222.43,0.09
1024,975,0.05,85.00,0.07
1024,976,0.02,246.15,0.09
1024,977,0.05,162.50,0.08
1024,978,0.05,169.70,0.13
1024,979,0.02,229.21,0.10
1024,980,0.06,143.04,0.08
1024,981,0.05,343.43,0.32
1024,982,0.14,117.97,0.52
1024,983,0.16,432.70,0.40
1024,984,0.07,73.66,0.07
1024,985,0.02,74.48,0.08
1024,986,0.02,74.91,0.07
1024,987,0.02,1764.67,0.33
1024,988,0.07,2114.40,0.56
1024,989,0.07,106.06,0.10
1024,990,0.02,169.01,0.07
1024,991,0.02,236.30,0.06
1024,992,0.02,142.80,0.07
1024,993,0.02,378.07,0.07
1024,994,0.02,93.80,0.07
1024,995,0.02,286.90,0.08
1024,996,0.03,124.24,0.19
1024,997,0.06,502.52,0.09
1024,998,0.05,644.81,0.18
1024,999,0.07,126.37,0.09
65536,0,0.18,116.95,0.16
65536,1,0.05,84.47,0.08
65536,2,0.02,192.02,0.07
65536,3,0.02,306.94,0.17
65536,4,0.02,85.40,0.08
65536,5,0.02,949.80,0.15
65536,6,0.04,173.19,0.09
65536,7,0.05,428.65,0.24
65536,8,0.04,319.51,0.21
65536,9,0.04,485.35,0.45
65536,10,0.05,1850.70,0.39
65536,11,0.05,827.06,0.27
65536,12,0.13,1644.94,0.76
65536,13,0.04,579.10,0.15
65536,14,0.04,1648.59,0.30
65536,15,0.04,286.73,0.12
65536,16,0.04,191.59,0.09
65536,17,0.04,298.02,0.11
65536,18,0.03,230.24,0.11
65536,19,0.04,229.89,0.29
65536,20,0.04,80.30,0.08
65536,21,0.04,231.99,0.75
65536,22,0.07,1028.30,0.73
65536,23,0.09,97.22,0.10
65536,24,0.02,169.17,0.09
65536,25,0.02,91.52,0.08
65536,26,0.02,324.07,0.08
65536,27,0.04,96.13,0.08
65536,28,0.03,102.17,0.09
65536,29,0.04,169.40,0.07
65536,30,0.02,439.60,0.12
65536,31,0.05,291.64,0.13
65536,32,0.06,143.97,0.11
65536,33,0.03,101.65,0.08
65536,34,0.03,100.09,0.16
65536,35,0.03,341.88,0.15
65536,36,0.03,110.43,0.09
65536,37,0.05,351.27,0.18
65536,38,0.03,135.24,0.25
65536,39,0.06,231.30,0.20
65536,40,0.06,229.11,0.35
65536,41,0.15,210.44,0.33
65536,42,0.07,168.55,0.16
65536,43,0.04,576.58,0.39
65536,44,0.27,265.22,0.18
65536,45,0.14,184.07,0.17
65536,46,0.06,335.23,0.34
65536,47,0.06,222.05,0.09
65536,48,0.15,312.40,0.37
65536,49,0.03,126.64,0.09
65536,50,0.03,375.43,0.10
65536,51,0.03,321.21,0.21
65536,52,0.06,273.27,0.18
65536,53,0.07,278.90,0.15
65536,54,0.06,214.89,0.29
65536,55,0.09,179.18,0.10
65536,56,0.04,478.13,0.09
65536,57,0.03,314.35,0.22
65536,58,0.07,1755.57,0.83
65536,59,0.15,127.55,0.23
65536,60,0.02,243.96,0.20
65536,61,0.04,1079.07,0.60
65536,62,0.07,115.47,0.13
65536,63,0.05,79.17,0.08
65536,64,0.02,254.03,0.07
65536,65,0.02,496.27,0.07
65536,66,0.03,214.42,0.08
65536,67,0.02,96.40,0.07
65536,68,0.03,95.67,0.08
65536,69,0.03,222.23,0.08
65536,70,0.03,230.35,0.08
65536,71,0.03,217.05,0.13
65536,72,0.05,332.36,0.10
65536,73,0.05,165.86,0.20
65536,74,0.09,1041.75,1.03
65536,75,0.13,137.70,0.13
65536,76,0.02,152.79,0.10
65536,77,0.04,207.46,0.07
65536,78,0.03,322.77,0.08
65536,79,0.02,2920.24,0.77
65536,80,0.07,112.12,0.09
65536,81,0.02,86.51,0.08
65536,82,0.02,80.02,0.07
65536,83,0.02,115.86,0.07
65536,84,0.02,157.89,0.07
65536,85,0.02,271.82,0.07
65536,86,0.03,89.17,0.07
65536,87,0.02,88.16,0.07
65536,88,0.02,183.38,0.11
65536,89,0.05,95.46,0.09
65536,90,0.04,464.41,0.16
65536,91,0.04,143.04,0.08
65536,92,0.03,185.58,0.08
65536,93,0.03,277.74,0.09
65536,94,0.03,245.94,0.08
65536,95,0.03,113.07,0.26
65536,96,0.03,174.07,0.12
65536,97,0.05,440.79,0.33
65536,98,0.05,380.97,0.25
65536,99,0.05,155.23,0.10
65536,100,0.05,295.17,0.10
65536,101,0.03,231.44,0.08
65536,102,0.03,115.83,0.09
65536,103,0.13,103.60,0.09
65536,104,0.03,290.63,0.19
65536,105,0.10,959.71,0.71
65536,106,0.05,134.62,0.14
65536,107,0.05,125.88,0.40
65536,108,0.05,1075.49,0.54
65536,109,0.07,434.18,0.36
65536,110,0.05,379.82,0.20
65536,111,0.04,567.20,0.48
65536,112,0.07,163.48,0.15
65536,113,0.04,208.54,0.09
65536,114,0.04,97.84,0.08
65536,115,0.04,99.30,0.09
65536,116,0.04,111.20,0.11
65536,117,0.04,1196.85,0.53
65536,118,0.07,1297.26,0.90
65536,119,0.14,1964.97,0.62
65536,120,0.07,712.54,0.46
65536,121,0.07,71.07,0.07
65536,122,0.02,360.62,0.51
65536,123,0.07,151.56,0.10
65536,124,0.04,88.38,0.11
65536,125,0.04,98.90,0.07
65536,126,0.03,468.62,0.11
65536,127,0.05,78.93,0.08
65536,128,0.04,163.98,0.14
65536,129,0.04,360.05,0.29
65536,130,0.05,312.37,0.42
65536,131,0.04,323.45,0.36
65536,132,0.14,1052.65,0.79
65536,133,0.17,281.19,0.33
65536,134,0.04,395.55,0.23
65536,135,0.06,112.97,0.21
65536,136,0.04,297.79,0.25
65536,137,0.04,483.69,0.42
65536,138,0.04,590.46,1.19
65536,139,0.08,322.76,0.12
65536,140,0.05,130.44,0.12
65536,141,0.04,670.15,0.18
65536,142,0.04,371.29,0.19
65536,143,0.06,281.07,0.10
65536,144,0.05,339.85,0.29
65536,145,0.05,351.04,0.15
65536,146,0.06,1248.55,0.76
65536,147,0.08,117.56,0.11
65536,148,0.02,99.96,0.12
65536,149,0.04,121.59,0.09
65536,150,0.02,596.31,0.53
65536,151,0.07,766.99,0.50
65536,152,0.07,200.97,0.51
65536,153,0.07,1355.04,0.71
65536,154,0.15,441.59,0.14
65536,155,0.04,153.70,0.12
65536,156,0.04,95.22,0.10
65536,157,0.04,171.15,0.10
65536,158,0.05,178.36,0.10
65536,159,0.04,230.21,0.10
65536,160,0.05,125.20,0.10
65536,161,0.05,165.39,0.38
65536,162,0.06,108.98,0.11
65536,163,0.02,120.28,0.07
65536,164,0.02,217.38,0.07
65536,165,0.02,88.08,0.08
65536,166,0.02,88.46,0.09
65536,167,0.02,1461.13,0.67
65536,168,0.10,91.80,0.11
65536,169,0.02,81.22,0.12
65536,170,0.02,271.33,0.14
65536,171,0.04,232.88,0.09
65536,172,0.02,82.20,0.07
65536,173,0.02,85.25,0.07
65536,174,0.02,434.51,0.13
65536,175,0.05,123.21,0.09
65536,176,0.05,356.11,0.09
65536,177,0.05,143.19,0.15
65536,178,0.03,186.32,0.16
65536,179,0.05,227.91,0.27
65536,180,0.17,107.71,0.17
65536,181,0.03,108.57,0.16
65536,182,0.07,607.45,0.34
65536,183,0.20,648.02,0.48
65536,184,0.10,261.55,0.19
65536,185,0.07,174.77,0.11
65536,186,0.14,129.25,0.21
65536,187,0.06,247.21,0.23
65536,188,0.04,130.59,0.10
65536,189,0.05,281.19,0.27
65536,190,0.15,7775.98,1.98
65536,191,0.24,943.33,0.22
65536,192,0.06,257.68,0.28
65536,193,0.05,909.34,0.74
65536,194,0.07,430.54,0.79
65536,195,0.09,78.88,0.10
65536,196,0.02,344.03,0.08
65536,197,0.02,124.02,0.08
65536,198,0.02,132.31,0.11
65536,199,0.04,163.34,0.07
65536,200,0.02,129.80,0.08
65536,201,0.02,498.21,0.08
65536,202,0.03,506.75,0.29
65536,203,0.03,206.27,0.21
65536,204,0.03,302.20,0.19
65536,205,0.06,209.62,0.15
65536,206,0.06,271.44,0.14
65536,207,0.02,146.06,0.15
65536,208,0.03,497.11,0.32
65536,209,0.02,101.67,0.20
65536,210,0.03,175.95,0.07
65536,211,0.02,223.51,0.17
65536,212,0.08,141.85,0.16
65536,213,0.02,345.73,0.11
65536,214,0.05,280.63,0.09
65536,215,0.05,93.83,0.08
65536,216,0.04,221.41,0.14
65536,217,0.14,327.09,0.08
65536,218,0.03,665.82,0.55
65536,219,0.05,175.05,0.18
65536,220,0.05,91.05,0.19
65536,221,0.13,467.43,0.24
65536,222,0.02,236.15,0.30
65536,223,0.03,126.85,0.08
65536,224,0.03,90.51,0.07
65536,225,0.02,243.52,0.07
65536,226,0.02,93.21,0.07
65536,227,0.02,532.32,1.18
65536,228,0.07,107.62,0.09
65536,229,0.02,172.06,0.06
65536,230,0.02,131.65,0.06
65536,231,0.02,87.07,0.12
65536,232,0.04,79.52,0.07
65536,233,0.02,315.00,0.12
65536,234,0.05,160.30,0.08
65536,235,0.05,87.93,0.14
65536,236,0.02,87.80,0.16
65536,237,0.02,299.51,0.14
65536,238,0.05,161.55,0.15
65536,239,0.02,1231.89,1.04
65536,240,0.08,149.92,0.10
65536,241,0.04,637.24,0.10
65536,242,0.04,90.24,0.08
65536,243,0.04,259.43,0.10
65536,244,0.05,199.89,0.09
65536,245,0.04,124.89,0.09
65536,246,0.04,161.31,0.09
65536,247,0.05,341.90,0.63
65536,248,0.09,372.89,0.44
65536,249,0.07,161.85,0.09
65536,250,0.02,308.94,0.99
65536,251,0.45,238.86,0.52
65536,252,0.09,472.89,0.46
65536,253,0.08,1274.07,0.47
65536,254,0.06,76.30,0.09
65536,255,0.02,74.07,0.06
65536,256,0.02,110.69,0.07
65536,257,0.02,91.73,0.12
65536,258,0.04,171.32,0.06
65536,259,0.02,226.19,0.10
65536,260,0.04,220.13,0.11
65536,261,0.05,134.30,0.27
65536,262,0.04,303.59,0.12
65536,263,0.05,701.84,0.27
65536,264,0.06,274.64,0.26
65536,265,0.03,177.34,0.09
65536,266,0.02,203.58,0.49
65536,267,0.05,577.42,0.19
65536,268,0.05,94.90,0.07
65536,269,0.05,413.82,0.24
65536,270,0.08,256.75,0.30
65536,271,0.05,184.39,0.20
65536,272,0.05,123.41,0.17
65536,273,0.03,90.78,0.07
65536,274,0.02,316.42,0.13
65536,275,0.03,89.61,0.19
65536,276,0.02,178.15,0.15
65536,277,0.05,287.70,0.93
65536,278,0.05,106.99,0.10
65536,279,0.05,1238.94,0.90
65536,280,0.08,81.10,0.08
65536,281,0.02,573.67,0.46
65536,282,0.06,746.77,0.38
65536,283,0.07,209.89,0.14
65536,284,0.04,465.41,0.11
65536,285,0.04,392.66,0.21
65536,286,0.05,1411.51,0.67
65536,287,0.07,83.22,0.10
65536,288,0.02,292.78,0.08
65536,289,0.02,150.88,0.07
65536,290,0.02,122.17,0.07
65536,291,0.02,137.65,0.08
65536,292,0.02,382.12,0.20
65536,293,0.05,127.65,0.09
65536,294,0.03,188.70,0.58
65536,295,0.06,222.84,0.26
65536,296,0.06,640.53,0.38
65536,297,0.05,327.14,0.26
65536,298,0.09,578.85,0.51
65536,299,0.09,169.52,0.11
65536,300,0.02,143.04,0.09
65536,301,0.02,147.14,0.08
65536,302,0.02,341.66,0.12
65536,303,0.04,199.81,0.10
65536,304,0.03,163.09,0.09
65536,305,0.03,205.10,0.11
65536,306,0.03,145.28,0.09
65536,307,0.03,185.45,0.08
65536,308,0.03,194.51,0.09
65536,309,0.03,186.51,0.29
65536,310,0.03,216.87,0.13
65536,311,0.06,292.59,0.46
65536,312,0.06,217.71,0.19
65536,313,0.03,119.96,0.09
65536,314,0.05,396.06,0.22
65536,315,0.25,493.67,0.35
65536,316,0.08,118.56,0.22
65536,317,0.04,623.78,0.37
65536,318,0.06,119.27,0.10
65536,319,0.06,122.85,0.17
65536,320,0.05,162.73,0.10
65536,321,0.04,115.28,0.23
65536,322,0.03,211.32,0.17
65536,323,0.05,417.20,0.09
65536,324,0.03,302.31,0.27
65536,325,0.06,161.12,0.11
65536,326,0.05,867.52,0.44
65536,327,0.14,155.30,0.11
65536,328,0.04,342.47,0.15
65536,329,0.06,3080.85,1.20
65536,330,0.07,1034.53,0.64
65536,331,0.08,109.62,0.10
65536,332,0.04,265.68,0.10
65536,333,0.04,261.16,0.63
65536,334,0.05,74.89,0.09
65536,335,0.03,746.02,0.51
65536,336,0.07,1515.24,0.75
65536,337,0.17,469.35,0.48
65536,338,0.21,288.50,0.45
65536,339,0.09,119.47,0.11
65536,340,0.02,197.84,0.12
65536,341,0.05,411.56,0.08
65536,342,0.04,96.29,0.10
65536,343,0.04,117.91,0.09
65536,344,0.02,286.93,0.07
65536,345,0.02,116.31,0.08
65536,346,0.03,155.10,0.06
65536,347,0.02,123.69,0.21
65536,348,0.04,660.70,0.53
65536,349,0.05,323.65,0.52
65536,350,0.05,103.60,0.10
65536,351,0.05,321.50,0.89
65536,352,0.14,77.28,0.08
65536,353,0.02,164.34,0.06
65536,354,0.02,206.67,0.07
65536,355,0.02,531.17,0.25
65536,356,0.14,94.80,0.26
65536,357,0.02,102.85,0.12
65536,358,0.03,246.67,0.32
65536,359,0.05,162.10,0.20
65536,360,0.04,159.91,0.11
65536,361,0.05,326.04,0.30
65536,362,0.06,144.77,0.28
65536,363,0.05,362.91,0.26
65536,364,0.03,148.57,0.33
65536,365,0.03,153.57,0.18
65536,366,0.10,405.32,0.19
65536,367,0.05,233.53,0.18
65536,368,0.05,97.98,0.09
65536,369,0.05,144.46,0.30
65536,370,0.05,104.46,0.08
65536,371,0.03,101.37,0.19
65536,372,0.04,100.09,0.21
65536,373,0.03,134.00,0.17
65536,374,0.02,141.96,0.26
65536,375,0.05,259.89,0.26
65536,376,0.02,333.64,0.16
65536,377,0.02,553.50,0.97
65536,378,0.07,279.75,0.10
65536,379,0.04,124.91,0.09
65536,380,0.04,296.03,0.23
65536,381,0.04,414.55,0.12
65536,382,0.04,704.00,0.26
65536,383,0.04,221.39,0.14
65536,384,0.05,364.93,0.22
65536,385,0.12,292.54,0.27
65536,386,0.06,107.83,0.30
65536,387,0.09,3688.90,1.41
65536,388,0.12,281.57,0.08
65536,389,0.03,205.99,0.07
65536,390,0.03,290.17,0.09
65536,391,0.14,191.57,0.61
65536,392,0.10,512.71,1.00
65536,393,0.14,424.66,0.51
65536,394,0.12,417.40,0.45
65536,395,0.12,225.35,0.22
65536,396,0.05,489.74,1.33
65536,397,0.16,315.68,0.22
65536,398,0.05,221.71,0.20
65536,399,0.05,512.97,0.31
65536,400,0.05,598.66,0.90
65536,401,0.11,588.97,0.46
65536,402,0.11,445.18,0.51
65536,403,0.17,343.99,0.76
65536,404,0.12,669.51,0.40
65536,405,0.15,920.21,0.55
65536,406,0.13,259.62,0.83
65536,407,0.12,819.61,0.32
65536,408,0.09,1006.43,0.54
65536,409,0.11,394.32,0.50
65536,410,0.06,780.73,1.60
65536,411,0.11,725.94,0.52
65536,412,0.12,537.03,0.63
65536,413,0.11,3719.49,0.89
65536,414,0.07,135.69,0.13
65536,415,0.04,76.95,0.09
65536,416,0.04,88.92,0.09
65536,417,0.04,166.27,0.08
65536,418,0.04,144.52,0.09
65536,419,0.04,162.71,0.07
65536,420,0.03,135.55,0.07
65536,421,0.02,370.26,0.09
65536,422,0.04,192.93,0.09
65536,423,0.03,167.07,0.08
65536,424,0.04,181.60,0.08
65536,425,0.04,901.71,0.53
65536,426,0.05,397.46,0.09
65536,427,0.04,132.43,0.08
65536,428,0.04,109.25,0.17
65536,429,0.05,120.85,0.08
65536,430,0.02,195.57,0.15
65536,431,0.04,136.67,0.22
65536,432,0.05,460.01,0.15
65536,433,0.04,187.65,0.11
65536,434,0.05,87.07,0.14
65536,435,0.02,276.40,0.12
65536,436,0.04,194.14,0.27
65536,437,0.04,316.12,0.12
65536,438,0.05,104.27,0.09
65536,439,0.03,176.50,0.08
65536,440,0.03,392.84,0.62
65536,441,0.02,139.89,0.30
65536,442,0.02,395.24,0.22
65536,443,0.12,310.62,0.21
65536,444,0.04,92.35,0.28
65536,445,0.05,167.95,0.16
65536,446,0.03,131.89,0.25
65536,447,0.02,158.49,0.07
65536,448,0.03,367.49,0.24
65536,449,0.07,1236.89,1.04
65536,450,0.07,87.10,0.09
65536,451,0.02,114.10,0.10
65536,452,0.02,113.07,0.07
65536,453,0.02,340.24,0.07
65536,454,0.02,770.94,0.61
65536,455,0.10,153.03,0.10
65536,456,0.02,628.93,0.12
65536,457,0.05,222.57,0.10
65536,458,0.05,570.01,0.08
65536,459,0.03,575.04,0.09
65536,460,0.03,466.12,0.14
65536,461,0.06,398.96,0.35
65536,462,0.05,139.35,0.92
65536,463,0.10,1486.28,0.69
65536,464,0.07,78.28,0.08
65536,465,0.02,713.28,0.46
65536,466,0.07,81.54,0.07
65536,467,0.02,108.46,0.06
65536,468,0.02,206.59,0.08
65536,469,0.04,813.96,0.11
65536,470,0.04,142.72,0.09
65536,471,0.04,337.62,0.46
65536,472,0.09,485.19,0.45
65536,473,0.16,354.53,0.10
65536,474,0.02,159.24,0.08
65536,475,0.02,124.66,0.08
65536,476,0.03,211.39,0.08
65536,477,0.03,191.76,0.08
65536,478,0.03,447.43,0.13
65536,479,0.06,147.83,0.09
65536,480,0.03,224.50,0.20
65536,481,0.03,352.44,0.34
65536,482,0.05,384.22,0.22
65536,483,0.03,105.68,0.09
65536,484,0.05,527.46,0.75
65536,485,0.05,194.41,0.25
65536,486,0.03,138.02,0.28
65536,487,0.03,99.25,0.22
65536,488,0.03,295.72,0.17
65536,489,0.11,101.22,0.27
65536,490,0.02,101.26,0.16
65536,491,0.03,345.07,0.18
65536,492,0.04,502.58,0.26
65536,493,0.08,97.48,0.10
65536,494,0.02,95.10,0.07
65536,495,0.04,183.60,0.08
65536,496,0.02,132.52,0.28
65536,497,0.02,146.98,0.14
65536,498,0.05,92.69,0.17
65536,499,0.05,169.53,0.20
65536,500,0.04,135.39,0.16
65536,501,0.02,94.02,0.07
65536,502,0.03,128.99,0.15
65536,503,0.03,93.06,0.17
65536,504,0.03,251.45,0.77
65536,505,0.05,1061.30,0.74
65536,506,0.07,131.04,0.54
65536,507,0.08,82.99,0.08
65536,508,0.02,202.47,0.06
65536,509,0.02,157.82,0.07
65536,510,0.02,212.00,0.07
65536,511,0.02,220.38,0.07
65536,512,0.02,80.75,0.06
65536,513,0.02,190.39,0.09
65536,514,0.04,145.63,0.08
65536,515,0.03,175.23,0.07
65536,516,0.03,109.83,0.07
65536,517,0.02,86.35,0.17
65536,518,0.07,87.37,0.08
65536,519,0.03,84.61,0.16
65536,520,0.02,543.54,0.07
65536,521,0.02,222.09,0.32
65536,522,0.03,100.98,0.20
65536,523,0.03,5650.11,1.91
65536,524,0.14,94.07,0.63
65536,525,0.26,98.29,0.40
65536,526,0.04,466.36,0.11
65536,527,0.04,103.87,0.06
65536,528,0.02,76.01,0.07
65536,529,0.02,91.76,0.10
65536,530,0.05,308.74,0.08
65536,531,0.04,224.35,0.08
65536,532,0.04,153.34,0.07
65536,533,0.02,131.71,0.08
65536,534,0.02,92.60,0.07
65536,535,0.02,222.94,0.17
65536,536,0.02,307.62,0.33
65536,537,0.14,91.65,0.15
65536,538,0.02,401.56,0.18
65536,539,0.06,376.77,0.18
65536,540,0.11,86.26,0.17
65536,541,0.04,85.65,0.17
65536,542,0.04,149.19,0.07
65536,543,0.04,158.01,0.16
65536,544,0.02,86.37,0.13
65536,545,0.02,118.65,0.16
65536,546,0.02,252.44,0.17
65536,547,0.02,82.81,0.16
65536,548,0.02,83.73,0.34
65536,549,0.02,86.62,0.16
65536,550,0.02,433.81,0.74
65536,551,0.11,150.88,0.33
65536,552,0.04,121.11,0.15
65536,553,0.04,219.17,0.14
65536,554,0.04,114.44,0.07
65536,555,0.03,83.21,0.15
65536,556,0.03,112.86,0.06
65536,557,0.03,217.83,0.23
65536,558,0.03,81.07,0.32
65536,559,0.03,178.69,0.21
65536,560,0.04,444.58,1.24
65536,561,0.06,360.53,0.12
65536,562,0.02,73.23,0.07
65536,563,0.02,80.92,0.08
65536,564,0.02,356.86,0.59
65536,565,0.12,170.23,0.09
65536,566,0.02,81.24,0.07
65536,567,0.02,537.51,0.18
65536,568,0.02,269.76,0.07
65536,569,0.02,206.88,0.09
65536,570,0.03,512.39,0.21
65536,571,0.05,185.05,0.10
65536,572,0.05,184.34,0.09
65536,573,0.04,612.14,0.78
65536,574,0.11,115.88,0.08
65536,575,0.03,273.97,0.74
65536,576,0.08,364.47,0.13
65536,577,0.06,182.79,0.12
65536,578,0.04,319.55,0.11
65536,579,0.04,221.18,0.09
65536,580,0.04,444.03,0.09
65536,581,0.04,89.20,0.09
65536,582,0.04,241.04,0.12
65536,583,0.05,319.57,0.10
65536,584,0.05,274.33,0.10
65536,585,0.05,384.36,0.32
65536,586,0.05,1962.58,0.83
65536,587,0.09,140.17,0.12
65536,588,0.02,483.29,0.08
65536,589,0.02,223.10,0.07
65536,590,0.02,284.38,0.26
65536,591,0.05,132.96,0.09
65536,592,0.04,91.21,0.08
65536,593,0.04,337.16,0.13
65536,594,0.04,152.10,0.08
65536,595,0.02,140.04,0.44
65536,596,0.05,88.33,0.08
65536,597,0.05,436.42,0.07
65536,598,0.02,118.27,0.07
65536,599,0.02,118.49,0.07
65536,600,0.02,201.04,0.10
65536,601,0.04,85.36,0.08
65536,602,0.04,270.51,0.08
65536,603,0.04,400.44,0.19
65536,604,0.04,201.43,0.08
65536,605,0.04,762.65,0.23
65536,606,0.08,532.55,0.21
65536,607,0.06,152.50,0.09
65536,608,0.15,115.75,0.09
65536,609,0.03,160.57,0.18
65536,610,0.04,164.52,0.24
65536,611,0.04,171.58,0.21
65536,612,0.03,288.59,0.20
65536,613,0.19,497.67,0.22
65536,614,0.07,330.20,0.19
65536,615,0.06,130.11,0.20
65536,616,0.07,379.63,0.19
65536,617,0.06,570.80,0.14
65536,618,0.06,237.75,0.22
65536,619,0.04,272.07,0.21
65536,620,0.03,128.54,0.10
65536,621,0.04,225.21,0.13
65536,622,0.06,393.43,0.10
65536,623,0.03,173.05,0.10
65536,624,0.03,331.67,0.14
65536,625,0.07,1138.32,0.12
65536,626,0.07,384.24,0.11
65536,627,0.06,178.22,0.13
65536,628,0.06,157.49,0.14
65536,629,0.03,394.14,0.25
65536,630,0.03,113.86,0.09
65536,631,0.05,238.61,0.08
65536,632,0.03,164.94,0.18
65536,633,0.03,164.95,0.08
65536,634,0.03,154.50,0.08
65536,635,0.03,489.82,0.13
65536,636,0.06,384.07,0.12
65536,637,0.06,183.88,0.11
65536,638,0.05,106.52,0.09
65536,639,0.05,105.37,0.11
65536,640,0.05,4546.65,1.74
65536,641,0.21,78.31,0.06
65536,642,0.02,401.40,0.12
65536,643,0.04,110.73,0.07
65536,644,0.02,109.31,0.10
65536,645,0.02,81.52,0.07
65536,646,0.02,390.01,0.59
65536,647,0.05,127.89,0.08
65536,648,0.02,320.17,0.34
65536,649,0.05,781.01,0.46
65536,650,0.07,906.01,0.53
65536,651,0.08,348.17,0.11
65536,652,0.02,304.35,0.09
65536,653,0.02,133.97,0.08
65536,654,0.02,230.75,0.10
65536,655,0.03,343.60,0.18
65536,656,0.03,200.73,0.19
65536,657,0.06,192.38,0.17
65536,658,0.03,202.17,0.20
65536,659,0.03,107.22,0.16
65536,660,0.03,328.04,0.40
65536,661,0.05,139.17,0.09
65536,662,0.04,97.87,0.09
65536,663,0.03,102.71,0.08
65536,664,0.05,150.67,0.49
65536,665,0.08,201.86,0.38
65536,666,0.06,100.80,0.10
65536,667,0.03,136.19,0.23
65536,668,0.14,262.94,0.24
65536,669,0.03,451.76,0.19
65536,670,0.03,217.15,0.20
65536,671,0.03,144.21,0.25
65536,672,0.24,335.79,0.19
65536,673,0.03,451.29,0.30
65536,674,0.12,139.50,0.14
65536,675,0.05,246.46,0.18
65536,676,0.21,93.30,0.14
65536,677,0.03,247.24,0.17
65536,678,0.04,229.68,0.17
65536,679,0.13,93.76,0.08
65536,680,0.03,280.70,0.11
65536,681,0.05,131.57,0.09
65536,682,0.04,99.15,0.29
65536,683,0.05,89.70,0.07
65536,684,0.03,124.50,0.17
65536,685,0.03,133.26,0.08
65536,686,0.03,1702.24,1.05
65536,687,0.07,514.04,0.55
65536,688,0.08,337.98,0.10
65536,689,0.02,2195.95,0.79
65536,690,0.16,152.56,0.59
65536,691,0.08,238.95,0.21
65536,692,0.05,218.08,32.90
65536,693,0.08,357.37,0.57
65536,694,0.11,90.76,0.10
65536,695,0.02,2412.97,1.28
65536,696,0.08,804.78,0.46
65536,697,0.05,96.68,0.08
65536,698,0.02,213.60,0.07
65536,699,0.02,263.05,0.17
65536,700,0.05,79.92,0.13
65536,701,0.02,86.45,0.08
65536,702,0.02,212.39,0.09
65536,703,0.03,503.94,0.23
65536,704,0.05,202.25,0.19
65536,705,0.05,484.32,0.22
65536,706,0.09,105.82,0.11
65536,707,0.05,162.36,0.10
65536,708,0.06,164.60,0.16
65536,709,0.04,578.10,0.31
65536,710,0.05,182.44,0.09
65536,711,0.05,135.98,0.08
65536,712,0.02,484.48,0.36
65536,713,0.05,93.60,0.07
65536,714,0.04,629.75,0.30
65536,715,0.05,95.40,0.24
65536,716,0.03,436.36,0.20
65536,717,0.05,93.35,0.24
65536,718,0.05,228.14,0.40
65536,719,0.15,249.46,0.32
65536,720,0.02,178.27,0.24
65536,721,0.05,132.01,0.29
65536,722,0.02,91.33,0.07
65536,723,0.15,241.83,0.07
65536,724,0.03,233.27,0.16
65536,725,0.24,190.10,0.11
65536,726,0.05,152.64,0.15
65536,727,0.05,416.70,0.10
65536,728,0.05,88.72,0.07
65536,729,0.04,273.09,0.68
65536,730,0.04,117.63,0.08
65536,731,0.02,410.32,0.10
65536,732,0.05,123.58,0.16
65536,733,0.04,3599.51,1.15
65536,734,0.13,3723.82,1.64
65536,735,0.21,189.71,0.51
65536,736,0.07,116.80,0.11
65536,737,0.04,270.45,0.63
65536,738,0.10,308.71,0.30
65536,739,0.04,1393.00,0.64
65536,740,0.23,120.90,0.10
65536,741,0.03,90.79,0.09
65536,742,0.02,688.55,0.16
65536,743,0.05,185.34,0.08
65536,744,0.03,193.28,0.12
65536,745,0.06,101.87,0.08
65536,746,0.03,103.05,0.08
65536,747,0.03,372.20,0.09
65536,748,0.03,202.90,0.08
65536,749,0.03,139.89,0.07
65536,750,0.03,274.71,0.15
65536,751,0.03,102.49,0.34
65536,752,0.02,145.51,0.13
65536,753,0.03,156.96,0.18
65536,754,0.03,388.67,0.33
65536,755,0.09,248.52,0.22
65536,756,0.05,221.23,0.17
65536,757,0.03,150.05,0.21
65536,758,0.13,388.46,0.23
65536,759,0.14,207.16,0.14
65536,760,0.04,516.43,0.20
65536,761,0.13,94.27,0.15
65536,762,0.05,165.27,0.14
65536,763,0.08,169.08,0.18
65536,764,0.02,92.39,0.31
65536,765,0.04,127.23,0.15
65536,766,0.02,191.67,0.15
65536,767,0.02,158.28,0.29
65536,768,0.04,127.20,0.16
65536,769,0.10,93.85,0.25
65536,770,0.02,93.30,0.15
65536,771,0.03,137.38,0.08
65536,772,0.03,876.56,0.16
65536,773,0.08,129.48,0.10
65536,774,0.05,359.55,0.20
65536,775,0.06,132.20,0.18
65536,776,0.05,132.30,0.08
65536,777,0.04,176.14,0.08
65536,778,0.03,172.10,0.08
65536,779,0.04,145.54,0.11
65536,780,0.05,1052.94,0.76
65536,781,0.07,178.95,0.11
65536,782,0.04,911.47,0.64
65536,783,0.10,294.92,0.11
65536,784,0.04,88.14,0.56
65536,785,0.07,263.03,0.07
65536,786,0.03,198.50,0.48
65536,787,0.07,106.96,0.08
65536,788,0.03,517.39,0.08
65536,789,0.02,202.87,0.12
65536,790,0.04,80.97,0.07
65536,791,0.03,91.02,0.07
65536,792,0.02,858.47,0.22
65536,793,0.05,220.07,0.43
65536,794,0.06,149.21,0.11
65536,795,0.15,1217.51,0.70
65536,796,0.18,1007.17,0.51
65536,797,0.07,80.90,0.11
65536,798,0.04,530.06,0.20
65536,799,0.07,93.63,0.09
65536,800,0.02,139.62,0.08
65536,801,0.03,258.14,0.08
65536,802,0.03,150.84,0.09
65536,803,0.03,908.35,0.50
65536,804,0.14,86.19,0.06
65536,805,0.02,90.70,0.14
65536,806,0.02,192.64,0.26
65536,807,0.02,95.14,0.08
65536,808,0.02,151.05,0.07
65536,809,0.02,83.39,0.07
65536,810,0.02,144.42,0.16
65536,811,0.02,82.45,0.07
65536,812,0.02,420.72,0.70
65536,813,0.05,169.79,0.07
65536,814,0.04,75.10,0.06
65536,815,0.02,102.65,0.05
65536,816,0.02,108.70,0.06
65536,817,0.02,143.91,0.27
65536,818,0.02,258.73,0.10
65536,819,0.08,116.90,0.08
65536,820,0.03,140.58,0.17
65536,821,0.06,195.90,0.20
65536,822,0.03,118.38,0.13
65536,823,0.03,274.86,0.09
65536,824,0.02,98.38,0.17
65536,825,0.03,246.26,0.29
65536,826,0.03,101.60,0.23
65536,827,0.02,98.22,0.16
65536,828,0.02,97.01,0.17
65536,829,0.03,310.81,0.26
65536,830,0.10,368.10,0.14
65536,831,0.05,113.45,0.11
65536,832,0.05,310.83,0.09
65536,833,0.04,99.96,0.08
65536,834,0.03,238.75,0.08
65536,835,0.03,228.65,0.07
65536,836,0.03,97.34,0.09
65536,837,0.02,749.69,0.11
65536,838,0.05,206.65,0.16
65536,839,0.05,206.15,0.08
65536,840,0.04,128.37,0.08
65536,841,0.04,94.86,0.07
65536,842,0.03,197.83,0.16
65536,843,0.02,163.17,0.08
65536,844,0.02,208.98,0.24
65536,845,0.02,92.24,0.17
65536,846,0.03,92.16,0.16
65536,847,0.02,102.96,0.20
65536,848,0.05,792.05,1.10
65536,849,0.16,142.29,0.08
65536,850,0.04,289.63,0.09
65536,851,0.04,270.50,0.53
65536,852,0.07,70.80,0.09
65536,853,0.02,830.27,0.56
65536,854,0.07,160.63,0.24
65536,855,0.05,330.42,0.63
65536,856,0.10,1677.07,17.83
65536,857,0.08,77.60,0.13
65536,858,0.02,156.07,0.07
65536,859,0.02,198.55,0.09
65536,860,0.04,163.68,0.10
65536,861,0.02,244.01,0.07
65536,862,0.03,310.06,0.07
65536,863,0.02,329.27,0.22
65536,864,0.09,142.20,0.15
65536,865,0.05,97.58,0.21
65536,866,0.04,633.55,0.69
65536,867,0.07,694.10,0.57
65536,868,0.08,369.07,0.55
65536,869,0.07,259.69,9.46
65536,870,0.07,175.36,0.28
65536,871,0.05,494.11,0.28
65536,872,0.07,98.49,0.41
65536,873,0.07,245.10,0.50
65536,874,0.08,80.96,0.06
65536,875,0.02,222.68,0.06
65536,876,0.02,73.47,0.06
65536,877,0.02,497.27,0.07
65536,878,0.02,174.43,0.06
65536,879,0.02,227.66,0.06
65536,880,0.02,86.88,0.07
65536,881,0.02,563.79,0.54
65536,882,0.07,118.50,0.13
65536,883,0.04,140.47,0.09
65536,884,0.02,360.04,0.07
65536,885,0.02,312.10,0.07
65536,886,0.02,114.52,0.07
65536,887,0.02,195.17,0.08
65536,888,0.02,215.17,0.12
65536,889,0.05,516.33,0.09
65536,890,0.05,236.10,0.08
65536,891,0.04,191.32,0.09
65536,892,0.03,314.87,0.08
65536,893,0.03,108.45,0.09
65536,894,0.05,114.73,0.09
65536,895,0.03,262.51,0.13
65536,896,0.07,206.22,0.10
65536,897,0.03,249.57,0.14
65536,898,0.11,996.76,0.74
65536,899,0.19,76.14,0.07
65536,900,0.02,237.05,0.11
65536,901,0.05,113.15,0.07
65536,902,0.02,181.95,0.07
65536,903,0.02,82.35,0.07
65536,904,0.02,93.32,0.07
65536,905,0.02,153.36,0.08
65536,906,0.02,130.81,0.07
65536,907,0.05,206.95,0.10
65536,908,0.05,160.13,0.09
65536,909,0.04,282.01,0.12
65536,910,0.06,340.03,0.11
65536,911,0.05,181.61,0.11
65536,912,0.05,140.87,0.08
65536,913,0.04,295.48,0.45
65536,914,0.16,129.53,0.06
65536,915,0.02,230.23,0.22
65536,916,0.05,250.34,0.49
65536,917,0.08,381.53,0.08
65536,918,0.03,409.25,0.11
65536,919,0.05,123.90,0.08
65536,920,0.02,89.83,0.07
65536,921,0.02,93.81,0.07
65536,922,0.02,320.19,0.47
65536,923,0.10,282.93,0.23
65536,924,0.05,242.48,0.43
65536,925,0.07,462.13,0.24
65536,926,0.06,339.11,0.12
65536,927,0.05,1211.33,0.62
65536,928,0.11,348.47,0.51
65536,929,0.07,256.36,0.10
65536,930,0.02,190.35,0.09
65536,931,0.02,113.93,0.08
65536,932,0.02,117.12,0.08
65536,933,0.02,317.42,0.13
65536,934,0.05,106.80,0.09
65536,935,0.03,168.61,0.18
65536,936,0.03,342.08,0.21
65536,937,0.09,354.41,0.45
65536,938,0.07,999.26,0.36
65536,939,0.07,229.26,0.25
65536,940,0.04,638.34,27.57
65536,941,0.07,632.99,0.34
65536,942,0.05,485.98,0.25
65536,943,0.04,279.15,0.46
65536,944,0.28,88.61,0.16
65536,945,0.02,130.82,0.26
65536,946,0.04,152.93,0.19
65536,947,0.02,86.07,0.25
65536,948,0.02,669.48,0.48
65536,949,0.04,87.01,0.16
65536,950,0.14,157.35,0.26
65536,951,0.02,85.27,0.15
65536,952,0.13,198.52,0.30
65536,953,0.02,84.98,0.17
65536,954,0.02,86.19,0.21
65536,955,0.02,124.65,0.38
65536,956,0.04,81.94,0.18
65536,957,0.04,120.15,0.20
65536,958,0.04,218.00,0.30
65536,959,0.04,147.25,0.17
65536,960,0.02,109.57,0.16
65536,961,0.02,81.46,0.14
65536,962,0.03,400.60,0.26
65536,963,0.11,111.22,0.15
65536,964,0.02,148.42,0.35
65536,965,0.02,83.60,0.20
65536,966,0.03,175.26,0.12
65536,967,0.02,292.33,0.30
65536,968,0.05,109.45,0.15
65536,969,0.02,428.50,0.27
65536,970,0.06,320.41,0.29
65536,971,0.14,125.44,0.10
65536,972,0.04,186.69,0.23
65536,973,0.05,287.68,0.09
65536,974,0.04,203.78,0.10
65536,975,0.04,716.36,1.11
65536,976,0.16,85.05,0.10
65536,977,0.02,344.22,0.08
65536,978,0.02,1589.59,0.79
65536,979,0.08,1088.07,0.48
65536,980,0.09,153.53,0.07
65536,981,0.02,203.84,0.06
65536,982,0.02,113.23,0.07
65536,983,0.02,271.82,0.20
65536,984,0.04,562.22,0.71
65536,985,0.09,80.07,0.08
65536,986,0.02,206.67,0.26
65536,987,0.05,84.28,0.08
65536,988,0.02,116.17,0.07
65536,989,0.02,140.68,0.30
65536,990,0.04,402.43,0.13
65536,991,0.05,85.38,0.07
65536,992,0.02,252.82,0.11
65536,993,0.05,113.28,0.12
65536,994,0.05,1277.66,0.64
65536,995,0.07,367.18,0.48
65536,996,0.06,224.25,0.36
65536,997,0.06,503.80,0.31
65536,998,0.05,177.21,0.24
65536,999,0.05,438.92,0.47
1048576,0,0.07,95.32,0.11
1048576,1,0.03,194.35,0.08
1048576,2,0.03,136.36,0.12
1048576,3,0.05,233.40,0.09
1048576,4,0.03,172.54,0.09
1048576,5,0.02,240.19,0.08
1048576,6,0.02,375.42,0.22
1048576,7,0.05,245.06,0.15
1048576,8,0.02,91.15,0.08
1048576,9,0.05,124.07,0.08
1048576,10,0.03,132.20,0.09
1048576,11,0.04,135.24,0.08
1048576,12,0.04,101.40,0.11
1048576,13,0.05,425.83,0.12
1048576,14,0.06,240.11,0.17
1048576,15,0.14,128.45,0.26
1048576,16,0.02,89.92,0.18
1048576,17,0.02,120.46,0.07
1048576,18,0.02,423.05,0.13
1048576,19,0.02,422.44,0.12
1048576,20,0.09,135.11,0.09
1048576,21,0.05,630.19,0.23
1048576,22,0.04,202.88,0.34
1048576,23,0.14,343.17,0.10
1048576,24,0.02,241.19,0.15
1048576,25,0.04,520.29,0.09
1048576,26,0.06,708.23,0.08
1048576,27,0.03,2488.63,0.90
1048576,28,0.07,215.25,0.08
1048576,29,0.02,98.70,0.13
1048576,30,0.04,238.47,0.66
1048576,31,0.07,156.44,0.14
1048576,32,0.04,2476.40,1.03
1048576,33,0.07,791.25,0.46
1048576,34,0.05,98.85,0.11
1048576,35,0.04,90.03,0.09
1048576,36,0.04,182.37,0.19
1048576,37,0.04,250.12,0.14
1048576,38,0.04,1490.87,0.53
1048576,39,0.07,195.48,0.09
1048576,40,0.02,73.98,0.07
1048576,41,0.02,256.72,0.07
1048576,42,0.02,159.65,0.07
1048576,43,0.02,79.31,0.07
1048576,44,0.02,76.77,0.08
1048576,45,0.02,141.96,0.13
1048576,46,0.05,166.07,0.09
1048576,47,0.03,86.55,0.08
1048576,48,0.03,168.14,0.10
1048576,49,0.02,213.15,0.10
1048576,50,0.03,238.75,0.09
1048576,51,0.03,327.66,0.15
1048576,52,0.03,522.74,0.31
1048576,53,0.05,380.39,0.39
1048576,54,0.05,93.15,0.10
1048576,55,0.14,93.57,0.08
1048576,56,0.05,163.70,0.19
1048576,57,0.03,212.92,0.17
1048576,58,0.02,92.24,0.17
1048576,59,0.11,705.50,0.35
1048576,60,0.05,204.73,0.20
1048576,61,0.05,161.96,0.24
1048576,62,0.04,119.39,0.15
1048576,63,0.02,486.76,0.37
1048576,64,0.04,87.85,0.08
1048576,65,0.04,220.25,0.16
1048576,66,0.02,86.03,0.08
1048576,67,0.02,263.35,0.16
1048576,68,0.02,130.70,0.18
1048576,69,0.05,86.28,0.08
1048576,70,0.04,429.28,0.16
1048576,71,0.05,147.91,0.10
1048576,72,0.04,86.70,0.15
1048576,73,0.04,418.75,0.16
1048576,74,0.03,149.50,0.20
1048576,75,0.03,123.56,0.10
1048576,76,0.04,572.64,0.18
1048576,77,0.05,485.88,0.74
1048576,78,0.07,159.81,0.49
1048576,79,0.04,120.91,0.09
1048576,80,0.02,139.15,0.07
1048576,81,0.02,358.16,0.12
1048576,82,0.05,245.53,0.31
1048576,83,0.06,266.45,0.11
1048576,84,0.04,616.20,0.59
1048576,85,0.07,125.47,0.12
1048576,86,0.04,142.91,0.10
1048576,87,0.04,374.44,0.14
1048576,88,0.04,352.34,0.58
1048576,89,0.10,1864.88,0.59
1048576,90,0.14,156.18,0.13
1048576,91,0.04,132.79,0.20
1048576,92,0.04,2024.11,0.87
1048576,93,0.07,173.50,0.09
1048576,94,0.02,103.45,0.07
1048576,95,0.02,103.64,0.06
1048576,96,0.02,156.30,0.06
1048576,97,0.02,76.46,0.07
1048576,98,0.02,295.27,0.09
1048576,99,0.04,79.73,0.08
1048576,100,0.03,194.14,0.08
1048576,101,0.03,398.80,0.15
1048576,102,0.05,364.89,0.09
1048576,103,0.02,90.87,0.08
1048576,104,0.02,382.14,0.30
1048576,105,0.03,145.17,0.09
1048576,106,0.03,147.13,0.19
1048576,107,0.03,105.98,0.22
1048576,108,0.03,522.70,0.22
1048576,109,0.06,253.17,0.19
1048576,110,0.05,172.70,0.11
1048576,111,0.06,119.25,0.17
1048576,112,0.03,177.83,0.21
1048576,113,0.06,214.53,0.20
1048576,114,0.04,128.43,0.28
1048576,115,0.03,330.38,0.32
1048576,116,0.09,205.30,0.17
1048576,117,0.03,229.32,0.41
1048576,118,0.06,114.12,0.11
1048576,119,0.06,117.07,0.19
1048576,120,0.22,119.03,0.17
1048576,121,0.03,112.91,0.23
1048576,122,0.04,385.75,0.27
1048576,123,0.16,233.65,0.21
1048576,124,0.03,360.07,0.27
1048576,125,0.11,216.20,0.15
1048576,126,0.04,121.57,0.19
1048576,127,0.06,245.81,0.11
1048576,128,0.05,106.95,0.10
1048576,129,0.05,166.07,0.18
1048576,130,0.05,193.24,0.18
1048576,131,0.04,104.97,0.10
1048576,132,0.04,3838.03,1.72
1048576,133,0.07,482.96,0.13
1048576,134,0.04,81.91,0.09
1048576,135,0.02,85.44,0.08
1048576,136,0.02,87.12,0.08
1048576,137,0.02,624.17,0.09
1048576,138,0.03,328.27,0.09
1048576,139,0.02,1438.97,0.69
1048576,140,0.09,71.52,0.08
1048576,141,0.02,170.55,0.10
1048576,142,0.04,140.07,0.10
1048576,143,0.04,72.55,0.07
1048576,144,0.02,75.71,0.07
1048576,145,0.02,490.00,0.23
1048576,146,0.05,463.99,0.18
1048576,147,0.04,197.99,0.21
1048576,148,0.05,250.62,0.13
1048576,149,0.04,325.64,0.12
1048576,150,0.04,423.59,0.67
1048576,151,0.10,142.39,0.10
1048576,152,0.04,73.48,0.10
1048576,153,0.04,82.80,0.10
1048576,154,0.04,1015.00,0.56
1048576,155,0.10,134.98,0.10
1048576,156,0.02,72.41,0.07
1048576,157,0.02,106.23,0.22
1048576,158,0.02,210.20,0.07
1048576,159,0.02,193.77,0.11
1048576,160,0.04,149.98,0.08
1048576,161,0.12,234.58,0.08
1048576,162,0.04,92.37,0.08
1048576,163,0.02,92.29,0.08
1048576,164,0.03,236.73,0.09
1048576,165,0.03,460.76,0.22
1048576,166,0.10,322.92,0.24
1048576,167,0.03,356.08,0.35
1048576,168,0.05,345.02,0.21
1048576,169,0.03,577.27,0.43
1048576,170,0.17,102.28,0.09
1048576,171,0.03,192.53,0.17
1048576,172,0.03,146.35,0.09
1048576,173,0.03,589.02,0.20
1048576,174,0.05,134.94,0.17
1048576,175,0.02,734.30,0.43
1048576,176,0.02,132.25,0.15
1048576,177,0.03,96.72,0.16
1048576,178,0.02,339.88,0.17
1048576,179,0.03,557.30,0.33
1048576,180,0.05,162.32,0.38
1048576,181,0.02,276.03,0.29
1048576,182,0.02,525.38,0.13
1048576,183,0.09,165.24,0.08
1048576,184,0.04,197.69,0.08
1048576,185,0.05,777.65,1.17
1048576,186,0.10,185.02,0.21
1048576,187,0.04,308.98,0.71
1048576,188,0.07,70.64,0.10
1048576,189,0.03,380.41,0.46
1048576,190,0.06,1268.12,0.69
1048576,191,0.09,242.48,0.09
1048576,192,0.02,441.89,0.11
1048576,193,0.05,97.71,0.11
1048576,194,0.05,818.43,0.62
1048576,195,0.07,603.00,0.65
1048576,196,0.09,166.93,0.12
1048576,197,0.02,1151.64,0.36
1048576,198,0.04,86.38,0.11
1048576,199,0.02,152.51,0.07
1048576,200,0.02,109.62,0.07
1048576,201,0.02,107.62,0.07
1048576,202,0.02,114.92,0.07
1048576,203,0.04,79.02,0.10
1048576,204,0.04,336.98,0.09
1048576,205,0.04,171.99,0.07
1048576,206,0.02,111.74,0.16
1048576,207,0.02,112.74,0.09
1048576,208,0.05,85.48,0.18
1048576,209,0.04,296.32,0.56
1048576,210,0.07,195.12,0.09
1048576,211,0.04,82.75,0.08
1048576,212,0.04,337.35,0.19
1048576,213,0.04,1032.59,0.58
1048576,214,0.10,221.95,0.13
1048576,215,0.06,309.67,0.13
1048576,216,0.04,735.77,0.34
1048576,217,0.04,146.85,0.15
1048576,218,0.02,265.52,0.40
1048576,219,0.04,253.02,0.47
1048576,220,0.16,113.44,0.31
1048576,221,0.04,393.41,0.22
1048576,222,0.27,774.32,0.79
1048576,223,0.13,206.07,0.28
1048576,224,0.03,420.02,0.29
1048576,225,0.05,251.50,0.74
1048576,226,0.04,129.02,0.44
1048576,227,0.04,584.13,0.47
1048576,228,0.04,164.33,0.13
1048576,229,0.04,307.91,0.10
1048576,230,0.08,325.60,0.21
1048576,231,0.04,214.02,0.29
1048576,232,0.02,378.42,0.11
1048576,233,0.02,109.98,0.07
1048576,234,0.02,176.65,0.07
1048576,235,0.02,117.39,0.07
1048576,236,0.02,206.53,0.08
1048576,237,0.11,87.08,0.07
1048576,238,0.02,118.75,0.14
1048576,239,0.04,83.93,0.18
1048576,240,0.19,274.96,0.21
1048576,241,0.05,309.35,0.20
1048576,242,0.24,121.65,0.08
1048576,243,0.02,91.59,0.09
1048576,244,0.02,167.39,0.27
1048576,245,0.05,257.75,0.18
1048576,246,0.05,128.13,0.09
1048576,247,0.04,405.56,0.22
1048576,248,0.05,271.15,0.33
1048576,249,0.06,429.00,0.31
1048576,250,0.07,168.68,0.14
1048576,251,0.04,209.30,0.10
1048576,252,0.05,243.82,0.10
1048576,253,0.04,142.77,0.10
1048576,254,0.04,572.82,0.16
1048576,255,0.06,539.02,0.13
1048576,256,0.06,83.53,0.08
1048576,257,0.02,227.02,0.22
1048576,258,0.04,1055.78,0.29
1048576,259,0.05,733.68,0.15
1048576,260,0.04,525.40,0.84
1048576,261,0.07,262.46,0.11
1048576,262,0.04,105.74,0.08
1048576,263,0.02,129.65,0.07
1048576,264,0.02,1892.48,1.03
1048576,265,0.10,381.96,0.15
1048576,266,0.05,262.31,0.67
1048576,267,0.08,344.80,0.47
1048576,268,0.06,160.35,0.52
1048576,269,0.12,287.15,0.35
1048576,270,0.05,125.25,0.40
1048576,271,0.07,170.41,0.26
1048576,272,0.05,1374.22,0.85
1048576,273,0.13,127.30,0.08
1048576,274,0.02,321.12,0.10
1048576,275,0.02,695.88,0.16
1048576,276,0.04,330.98,0.16
1048576,277,0.03,100.02,0.09
1048576,278,0.03,243.01,0.24
1048576,279,0.06,185.38,0.10
1048576,280,0.05,135.50,0.08
1048576,281,0.05,642.82,0.23
1048576,282,0.15,203.51,0.28
1048576,283,0.03,133.11,0.34
1048576,284,0.03,140.46,0.25
1048576,285,0.03,319.52,0.62
1048576,286,0.05,350.74,0.38
1048576,287,0.23,212.35,0.08
1048576,288,0.05,168.69,0.10
1048576,289,0.03,304.96,0.08
1048576,290,0.02,242.21,0.35
1048576,291,0.13,249.58,0.20
1048576,292,0.06,309.19,0.33
1048576,293,0.07,152.47,1.10
1048576,294,0.07,297.97,0.10
1048576,295,0.05,258.45,0.09
1048576,296,0.04,1299.72,0.79
1048576,297,0.08,124.12,0.08
1048576,298,0.02,184.20,0.12
1048576,299,0.05,927.78,0.12
1048576,300,0.05,152.22,0.15
1048576,301,0.04,106.39,0.12
1048576,302,0.07,129.56,0.13
1048576,303,0.04,90.08,0.36
1048576,304,0.04,341.84,0.31
1048576,305,0.04,133.66,0.84
1048576,306,0.07,375.04,0.21
1048576,307,0.04,110.18,0.09
1048576,308,0.02,111.18,0.17
1048576,309,0.02,117.89,0.09
1048576,310,0.02,289.87,0.59
1048576,311,0.08,83.30,0.10
1048576,312,0.02,82.78,0.09
1048576,313,0.02,2800.63,0.99
1048576,314,0.07,97.45,0.11
1048576,315,0.04,221.33,0.07
1048576,316,0.02,419.16,0.88
1048576,317,0.11,151.55,0.10
1048576,318,0.02,236.48,0.08
1048576,319,0.02,150.83,0.08
1048576,320,0.02,222.39,0.07
1048576,321,0.02,85.69,0.07
1048576,322,0.02,160.91,0.07
1048576,323,0.02,256.55,0.07
1048576,324,0.02,83.81,0.08
1048576,325,0.02,264.47,0.08
1048576,326,0.03,130.01,0.10
1048576,327,0.04,280.97,0.14
1048576,328,0.02,145.46,0.51
1048576,329,0.05,542.13,0.19
1048576,330,0.05,139.93,0.23
1048576,331,0.03,102.74,0.09
1048576,332,0.03,181.41,0.18
1048576,333,0.03,196.28,0.14
1048576,334,0.05,193.69,0.13
1048576,335,0.05,100.66,0.19
1048576,336,0.03,616.59,0.38
1048576,337,0.16,738.22,0.69
1048576,338,0.17,255.12,0.38
1048576,339,0.03,137.89,0.21
1048576,340,0.07,279.82,0.14
1048576,341,0.15,171.11,0.15
1048576,342,0.07,384.42,0.32
1048576,343,0.04,486.61,0.33
1048576,344,0.06,182.74,0.12
1048576,345,0.03,384.67,0.20
1048576,346,0.07,258.89,1.26
1048576,347,0.08,160.48,0.68
1048576,348,0.07,338.71,0.25
1048576,349,0.04,236.34,0.58
1048576,350,0.09,175.10,0.11
1048576,351,0.02,90.64,0.08
1048576,352,0.02,94.16,0.08
1048576,353,0.02,129.05,0.08
1048576,354,0.02,620.57,0.18
1048576,355,0.02,335.81,0.25
1048576,356,0.05,96.12,0.08
1048576,357,0.02,368.82,0.24
1048576,358,0.05,549.94,0.77
1048576,359,8.55,231.96,0.56
1048576,360,0.04,847.08,0.98
1048576,361,0.19,402.87,0.20
1048576,362,0.03,4170.34,1.69
1048576,363,0.17,144.61,0.10
1048576,364,0.02,78.72,0.08
1048576,365,0.02,467.96,0.09
1048576,366,0.04,263.77,0.10
1048576,367,0.04,468.85,0.75
1048576,368,0.08,147.65,0.09
1048576,369,0.02,83.81,0.07
1048576,370,0.02,133.32,0.11
1048576,371,0.04,226.88,0.10
1048576,372,0.03,123.15,0.08
1048576,373,0.03,237.46,0.12
1048576,374,0.02,87.58,0.07
1048576,375,0.02,88.26,0.21
1048576,376,0.02,524.59,0.22
1048576,377,0.02,796.53,0.30
1048576,378,0.06,91.27,0.17
1048576,379,0.04,128.62,0.09
1048576,380,0.05,214.50,0.13
1048576,381,0.05,169.28,0.17
1048576,382,0.03,262.18,0.17
1048576,383,0.05,203.39,0.10
1048576,384,0.05,93.77,0.08
1048576,385,0.04,99.67,0.17
1048576,386,0.03,287.52,0.37
1048576,387,0.05,169.32,0.11
1048576,388,0.05,131.12,0.08
1048576,389,0.03,89.14,0.08
1048576,390,0.04,136.94,0.10
1048576,391,0.03,386.84,0.25
1048576,392,0.12,456.16,0.43
1048576,393,0.13,350.13,0.24
1048576,394,0.05,336.63,0.16
1048576,395,0.13,358.19,0.15
1048576,396,0.02,157.19,0.09
1048576,397,0.12,299.87,0.17
1048576,398,0.08,89.45,0.08
1048576,399,0.02,128.14,0.08
1048576,400,0.02,156.71,0.08
1048576,401,0.03,92.87,0.25
1048576,402,0.02,2654.68,1.01
1048576,403,0.09,87.65,0.12
1048576,404,0.04,274.04,0.56
1048576,405,0.07,179.38,0.60
1048576,406,0.08,91.92,0.11
1048576,407,0.02,939.81,0.13
1048576,408,0.05,171.51,0.10
1048576,409,0.03,334.77,0.21
1048576,410,0.08,1520.80,2.02
1048576,411,0.07,265.44,0.64
1048576,412,0.07,437.45,0.16
1048576,413,0.06,470.24,0.22
1048576,414,0.06,203.07,0.13
1048576,415,0.04,107.92,0.10
1048576,416,0.02,456.10,0.23
1048576,417,0.16,87.52,0.08
1048576,418,0.04,193.09,0.08
1048576,419,0.02,1629.05,0.81
1048576,420,0.07,209.01,0.10
1048576,421,0.02,140.51,0.07
1048576,422,0.02,80.98,0.08
1048576,423,0.02,323.35,0.07
1048576,424,0.02,123.43,0.07
1048576,425,0.02,198.39,0.08
1048576,426,0.02,98.28,0.13
1048576,427,0.04,282.57,0.09
1048576,428,0.03,454.04,0.09
1048576,429,0.02,98.11,0.09
1048576,430,0.02,274.66,0.09
1048576,431,0.03,143.28,0.09
1048576,432,0.03,180.74,0.10
1048576,433,0.03,160.28,0.19
1048576,434,0.03,108.84,0.20
1048576,435,0.03,663.36,0.32
1048576,436,0.06,113.46,0.11
1048576,437,0.05,331.32,0.18
1048576,438,0.04,113.98,0.18
1048576,439,0.05,4946.98,1.33
1048576,440,0.21,373.30,0.58
1048576,441,0.08,80.28,0.13
1048576,442,0.04,285.25,0.11
1048576,443,0.04,136.24,0.07
1048576,444,0.02,251.39,0.30
1048576,445,0.04,114.63,0.17
1048576,446,0.04,776.52,0.57
1048576,447,0.07,137.33,0.10
1048576,448,0.02,137.21,0.08
1048576,449,0.02,218.95,0.08
1048576,450,0.02,233.64,0.08
1048576,451,0.02,135.11,0.11
1048576,452,0.05,191.89,0.08
1048576,453,0.02,163.70,0.08
1048576,454,0.02,198.64,0.08
1048576,455,0.02,94.62,0.09
1048576,456,0.03,402.14,10.17
1048576,457,0.05,636.94,0.47
1048576,458,0.10,1057.45,0.53
1048576,459,0.07,160.65,0.11
1048576,460,0.02,235.13,0.08
1048576,461,0.02,77.86,0.08
1048576,462,0.02,354.63,0.08
1048576,463,0.02,259.72,0.15
1048576,464,0.02,136.24,0.08
1048576,465,0.02,281.55,0.19
1048576,466,0.05,307.78,0.16
1048576,467,0.03,227.87,0.09
1048576,468,0.03,133.64,0.09
1048576,469,0.02,396.94,0.09
1048576,470,0.03,414.72,0.39
1048576,471,0.08,251.89,0.28
1048576,472,0.05,170.54,0.33
1048576,473,0.08,98.47,0.17
1048576,474,0.05,218.90,0.20
1048576,475,0.12,229.12,0.26
1048576,476,0.13,130.61,0.18
1048576,477,0.02,105.34,0.22
1048576,478,0.03,264.24,0.33
1048576,479,0.03,165.71,0.18
1048576,480,0.03,207.57,0.37
1048576,481,0.13,283.78,0.27
1048576,482,0.21,203.87,0.31
1048576,483,0.05,133.66,0.20
1048576,484,0.13,91.88,0.15
1048576,485,0.04,131.07,0.26
1048576,486,0.05,96.52,0.08
1048576,487,0.03,137.17,1.47
1048576,488,0.09,94.16,0.10
1048576,489,0.04,221.81,0.09
1048576,490,0.03,280.53,0.19
1048576,491,0.03,187.34,0.15
1048576,492,0.03,97.80,0.13
1048576,493,0.03,4342.46,1.73
1048576,494,0.22,313.97,0.69
1048576,495,0.07,75.86,0.10
1048576,496,0.02,379.85,0.07
1048576,497,0.02,81.15,0.08
1048576,498,0.03,123.70,0.08
1048576,499,0.03,96.36,0.08
1048576,500,0.02,171.62,0.08
1048576,501,0.02,89.23,0.08
1048576,502,0.02,523.32,0.15
1048576,503,0.06,234.99,0.11
1048576,504,0.03,169.92,0.10
1048576,505,0.03,232.16,0.26
1048576,506,0.03,302.05,0.18
1048576,507,0.03,296.70,0.11
1048576,508,0.03,984.94,0.83
1048576,509,0.09,1802.77,0.54
1048576,510,0.05,170.53,0.09
1048576,511,0.02,247.88,0.08
1048576,512,0.02,105.03,0.06
1048576,513,0.02,265.91,0.13
1048576,514,0.04,538.90,0.12
1048576,515,0.05,253.25,0.13
1048576,516,0.03,85.26,0.08
1048576,517,0.03,124.42,0.08
1048576,518,0.03,166.62,0.08
1048576,519,0.03,171.13,0.20
1048576,520,0.02,257.19,0.18
1048576,521,0.02,822.25,0.21
1048576,522,0.06,424.52,0.10
1048576,523,0.15,138.43,0.37
1048576,524,0.03,137.29,0.16
1048576,525,0.05,147.81,0.15
1048576,526,0.03,805.36,0.68
1048576,527,0.07,254.15,0.57
1048576,528,0.07,204.92,0.16
1048576,529,0.04,193.32,0.65
1048576,530,0.07,234.07,0.11
1048576,531,0.03,97.35,0.09
1048576,532,0.02,207.18,0.12
1048576,533,0.05,135.18,0.09
1048576,534,0.03,241.80,0.08
1048576,535,0.02,275.12,0.08
1048576,536,0.02,243.06,0.09
1048576,537,0.03,211.91,0.08
1048576,538,0.02,433.75,0.08
1048576,539,0.03,90.71,0.08
1048576,540,0.02,90.92,0.08
1048576,541,0.02,315.09,0.11
1048576,542,0.05,198.54,0.17
1048576,543,0.05,918.78,0.67
1048576,544,0.05,2311.03,0.88
1048576,545,0.07,648.19,0.11
1048576,546,0.05,352.53,0.70
1048576,547,0.08,264.93,0.36
1048576,548,0.05,295.20,0.60
1048576,549,0.07,95.71,0.09
1048576,550,0.02,95.55,0.10
1048576,551,0.02,76.75,0.10
1048576,552,0.02,333.93,0.08
1048576,553,0.03,191.64,0.32
1048576,554,0.05,189.55,0.08
1048576,555,0.03,224.41,0.47
1048576,556,0.07,371.93,0.28
1048576,557,0.04,125.48,0.10
1048576,558,0.03,148.85,0.13
1048576,559,0.04,269.63,0.10
1048576,560,0.04,905.79,0.60
1048576,561,0.05,91.81,0.08
1048576,562,0.02,450.17,0.16
1048576,563,0.04,602.61,0.19
1048576,564,0.14,268.93,0.67
1048576,565,0.05,134.94,0.27
1048576,566,0.03,128.60,0.18
1048576,567,0.07,168.72,0.16
1048576,568,0.05,131.68,0.15
1048576,569,0.05,92.51,0.09
1048576,570,0.02,490.51,0.31
1048576,571,0.15,147.53,0.57
1048576,572,0.05,648.05,1.04
1048576,573,0.25,1528.88,0.88
1048576,574,0.10,114.44,0.08
1048576,575,0.02,113.19,0.08
1048576,576,0.02,119.09,0.07
1048576,577,0.02,81.21,0.08
1048576,578,0.02,93.43,0.26
1048576,579,0.04,154.69,0.08
1048576,580,0.04,530.85,0.28
1048576,581,0.05,980.05,0.72
1048576,582,0.11,169.95,0.12
1048576,583,0.02,92.51,0.11
1048576,584,0.02,243.05,0.07
1048576,585,0.02,428.71,0.29
1048576,586,0.05,420.29,0.56
1048576,587,0.07,627.56,0.51
1048576,588,0.08,128.89,0.07
1048576,589,0.02,266.12,0.06
1048576,590,0.02,69.40,0.06
1048576,591,0.02,206.45,0.07
1048576,592,0.02,252.19,0.11
1048576,593,0.05,107.24,0.12
1048576,594,0.04,286.37,0.52
1048576,595,0.09,90.86,0.11
1048576,596,0.04,845.54,0.49
1048576,597,0.07,1110.49,0.55
1048576,598,0.07,115.53,0.16
1048576,599,0.05,234.43,0.48
1048576,600,0.07,224.89,0.49
1048576,601,0.07,115.15,0.11
1048576,602,0.04,85.39,0.09
1048576,603,0.04,69.84,0.06
1048576,604,0.02,179.69,0.06
1048576,605,0.02,270.31,0.10
1048576,606,0.02,90.86,0.11
1048576,607,0.05,364.02,0.09
1048576,608,0.04,115.18,0.09
1048576,609,0.05,97.31,0.08
1048576,610,0.04,190.07,0.09
1048576,611,0.02,174.96,0.09
1048576,612,0.03,589.61,0.09
1048576,613,0.02,165.42,0.09
1048576,614,0.03,247.74,0.11
1048576,615,0.05,278.05,0.09
1048576,616,0.05,130.20,0.08
1048576,617,0.03,166.21,0.08
1048576,618,0.02,328.14,0.15
1048576,619,0.11,169.93,0.15
1048576,620,0.02,136.30,0.22
1048576,621,0.03,736.11,0.26
1048576,622,0.07,124.17,0.26
1048576,623,0.03,90.39,0.07
1048576,624,0.02,90.35,0.08
1048576,625,0.03,271.86,0.17
1048576,626,0.02,356.88,0.35
1048576,627,0.25,176.32,0.35
1048576,628,0.04,90.22,0.18
1048576,629,0.04,471.91,0.45
1048576,630,0.04,84.28,0.16
1048576,631,0.04,153.07,0.15
1048576,632,0.04,84.89,0.08
1048576,633,0.02,227.86,0.16
1048576,634,0.08,353.60,0.47
1048576,635,0.06,105.33,0.10
1048576,636,0.04,290.95,0.17
1048576,637,0.05,125.33,0.10
1048576,638,0.05,802.85,1.69
1048576,639,0.16,101.75,0.11
1048576,640,0.02,114.08,0.10
1048576,641,0.04,183.70,0.71
1048576,642,0.10,456.71,0.11
1048576,643,0.02,79.06,0.09
1048576,644,0.02,615.15,0.34
1048576,645,0.04,602.65,0.47
1048576,646,0.05,368.28,0.12
1048576,647,0.04,1995.56,0.69
1048576,648,0.10,74.70,0.10
1048576,649,0.02,860.98,0.50
1048576,650,0.22,378.63,0.52
1048576,651,0.07,137.45,0.08
1048576,652,0.02,267.33,0.07
1048576,653,0.02,80.61,0.07
1048576,654,0.02,323.84,0.14
1048576,655,0.04,231.47,0.09
1048576,656,0.03,233.10,0.10
1048576,657,0.03,556.05,0.31
1048576,658,0.08,237.93,0.44
1048576,659,0.05,126.62,0.22
1048576,660,0.05,371.67,0.56
1048576,661,0.07,96.52,0.08
1048576,662,0.02,125.43,0.06
1048576,663,0.02,196.04,0.07
1048576,664,0.02,135.06,0.07
1048576,665,0.02,255.25,0.16
1048576,666,0.02,187.83,0.27
1048576,667,0.02,187.09,0.08
1048576,668,0.03,371.94,0.36
1048576,669,0.05,126.16,0.08
1048576,670,0.02,156.90,0.21
1048576,671,0.02,92.84,0.08
1048576,672,0.03,127.80,0.24
1048576,673,0.03,253.04,0.40
1048576,674,0.07,194.78,0.16
1048576,675,0.03,163.44,0.08
1048576,676,0.04,137.75,0.12
1048576,677,0.13,195.30,0.18
1048576,678,0.02,90.12,0.07
1048576,679,0.02,364.72,0.15
1048576,680,0.05,226.95,0.08
1048576,681,0.04,122.07,0.14
1048576,682,0.04,129.90,0.16
1048576,683,0.02,121.62,0.08
1048576,684,0.04,196.93,0.22
1048576,685,0.07,163.31,0.18
1048576,686,0.03,291.07,0.29
1048576,687,0.16,160.65,0.17
1048576,688,0.02,178.90,0.30
1048576,689,0.05,126.67,0.17
1048576,690,0.04,5117.00,1.99
1048576,691,0.10,81.70,0.11
1048576,692,0.02,498.98,0.71
1048576,693,0.08,238.66,1.27
1048576,694,0.11,980.74,1.28
1048576,695,0.14,529.10,0.48
1048576,696,0.05,480.20,0.33
1048576,697,0.05,330.38,0.91
1048576,698,0.16,312.63,0.43
1048576,699,0.08,224.16,0.33
1048576,700,0.05,743.42,0.37
1048576,701,0.05,1426.19,2.19
1048576,702,0.11,344.38,0.58
1048576,703,0.13,598.57,0.77
1048576,704,0.09,449.41,0.46
1048576,705,0.11,307.96,0.29
1048576,706,0.05,390.09,0.26
1048576,707,0.05,888.35,0.67
1048576,708,0.16,224.78,0.35
1048576,709,0.08,908.62,0.47
1048576,710,0.13,466.62,0.57
1048576,711,0.11,989.58,0.61
1048576,712,0.12,223.10,0.43
1048576,713,0.05,324.82,0.22
1048576,714,0.05,334.69,0.70
1048576,715,0.14,225.33,0.31
1048576,716,0.08,493.39,0.26
1048576,717,0.17,222.52,0.23
1048576,718,0.06,1581.80,2.11
1048576,719,0.15,511.71,0.22
1048576,720,0.05,426.58,0.22
1048576,721,0.05,222.73,0.22
1048576,722,0.05,331.69,0.48
1048576,723,0.11,640.92,1.79
1048576,724,0.12,252.52,0.62
1048576,725,0.14,308.65,0.30
1048576,726,0.06,222.60,0.22
1048576,727,0.05,317.11,0.44
1048576,728,0.05,1161.81,0.89
1048576,729,0.13,225.82,0.24
1048576,730,0.07,349.41,0.48
1048576,731,0.14,224.90,0.29
1048576,732,0.07,222.39,0.32
1048576,733,0.05,334.23,1.57
1048576,734,0.10,315.73,0.46
1048576,735,0.12,2954.34,1.46
1048576,736,0.26,139.58,0.12
1048576,737,0.05,206.80,0.11
1048576,738,0.05,147.08,0.07
1048576,739,0.02,272.64,0.08
1048576,740,0.02,111.02,0.08
1048576,741,0.02,174.18,0.17
1048576,742,0.02,387.52,0.09
1048576,743,0.03,216.61,0.12
1048576,744,0.05,136.49,0.09
1048576,745,0.05,92.49,0.10
1048576,746,0.04,146.22,0.11
1048576,747,0.05,95.09,0.08
1048576,748,0.05,142.47,0.09
1048576,749,0.02,156.29,0.13
1048576,750,0.05,980.23,0.63
1048576,751,0.05,321.38,0.07
1048576,752,0.02,77.24,0.08
1048576,753,0.02,145.59,0.07
1048576,754,0.02,259.14,0.08
1048576,755,0.02,199.70,0.18
1048576,756,0.02,91.19,0.25
1048576,757,0.02,571.16,0.73
1048576,758,0.05,100.43,0.28
1048576,759,0.03,173.73,0.24
1048576,760,0.03,101.70,0.40
1048576,761,0.03,217.70,0.17
1048576,762,0.03,343.88,0.17
1048576,763,0.02,177.95,0.23
1048576,764,0.11,421.59,0.18
1048576,765,0.06,204.79,0.10
1048576,766,0.06,187.79,0.10
1048576,767,0.04,328.08,0.21
1048576,768,0.17,2000.47,1.17
1048576,769,0.07,213.73,0.12
1048576,770,0.05,81.08,0.09
1048576,771,0.02,297.88,0.63
1048576,772,0.09,449.02,0.63
1048576,773,0.05,182.52,0.12
1048576,774,0.04,186.50,0.07
1048576,775,0.02,76.43,0.06
1048576,776,0.02,876.67,0.55
1048576,777,0.07,378.92,0.51
1048576,778,0.08,93.15,0.10
1048576,779,0.04,438.39,0.37
1048576,780,0.07,75.72,0.08
1048576,781,0.02,166.31,0.08
1048576,782,0.02,80.26,0.07
1048576,783,0.02,77.44,0.07
1048576,784,0.02,78.37,0.07
1048576,785,0.02,78.15,0.07
1048576,786,0.02,237.95,0.13
1048576,787,0.04,158.11,0.10
1048576,788,0.04,313.80,0.13
1048576,789,0.05,128.72,0.10
1048576,790,0.04,280.69,0.45
1048576,791,0.05,298.29,0.10
1048576,792,0.04,351.23,0.79
1048576,793,0.06,135.16,0.55
1048576,794,0.07,221.45,0.13
1048576,795,0.04,366.99,0.35
1048576,796,0.05,401.55,0.56
1048576,797,0.16,385.64,0.27
1048576,798,0.08,148.08,0.08
1048576,799,0.03,783.02,0.07
1048576,800,0.02,118.64,0.10
1048576,801,0.04,79.22,0.08
1048576,802,0.02,81.58,0.08
1048576,803,0.02,283.24,0.09
1048576,804,0.02,366.46,0.12
1048576,805,0.05,201.94,0.16
1048576,806,0.05,130.04,0.09
1048576,807,0.04,319.23,0.29
1048576,808,0.05,97.75,0.16
1048576,809,0.02,95.71,0.22
1048576,810,0.11,271.34,0.23
1048576,811,0.26,189.97,0.24
1048576,812,0.09,99.87,0.09
1048576,813,0.05,100.66,0.43
1048576,814,0.05,699.88,0.35
1048576,815,0.18,213.72,0.15
1048576,816,0.15,225.20,0.15
1048576,817,0.02,114.27,0.21
1048576,818,0.06,513.67,0.16
1048576,819,0.05,99.06,0.09
1048576,820,0.15,216.74,0.16
1048576,821,0.03,130.10,0.09
1048576,822,0.02,139.32,0.09
1048576,823,0.03,94.07,0.08
1048576,824,0.03,96.62,0.15
1048576,825,0.03,540.02,0.18
1048576,826,0.13,278.95,0.10
1048576,827,0.04,133.83,0.10
1048576,828,0.04,285.78,0.18
1048576,829,0.05,98.14,0.22
1048576,830,0.04,1858.49,1.29
1048576,831,0.07,212.77,0.70
1048576,832,0.06,315.73,0.51
1048576,833,0.05,118.91,0.15
1048576,834,0.04,142.26,0.08
1048576,835,0.02,143.79,0.07
1048576,836,0.02,76.10,0.07
1048576,837,0.02,75.60,0.07
1048576,838,0.02,491.74,0.61
1048576,839,0.08,81.50,0.10
1048576,840,0.02,226.86,0.11
1048576,841,0.04,138.00,0.08
1048576,842,0.02,111.52,0.07
1048576,843,0.02,198.20,0.08
1048576,844,0.02,89.27,0.09
1048576,845,0.02,458.89,0.09
1048576,846,0.02,187.97,0.09
1048576,847,0.03,512.45,0.14
1048576,848,0.06,146.48,0.11
1048576,849,0.05,283.25,0.17
1048576,850,0.05,342.25,0.17
1048576,851,0.03,122.44,0.15
1048576,852,0.05,486.67,0.18
1048576,853,0.06,105.78,0.09
1048576,854,0.05,164.91,0.29
1048576,855,0.30,450.86,0.78
1048576,856,0.07,120.51,0.08
1048576,857,0.02,126.62,0.06
1048576,858,0.02,347.58,0.55
1048576,859,0.07,700.76,0.75
1048576,860,0.10,590.07,0.12
1048576,861,0.10,180.02,0.29
1048576,862,0.03,150.60,0.09
1048576,863,0.03,186.61,0.21
1048576,864,0.03,104.12,0.09
1048576,865,0.03,548.01,0.30
1048576,866,0.03,317.47,0.40
1048576,867,0.06,231.01,0.33
1048576,868,0.25,369.71,0.63
1048576,869,0.07,322.76,0.19
1048576,870,0.11,96.89,0.26
1048576,871,0.02,98.62,0.14
1048576,872,0.03,133.61,0.21
1048576,873,0.02,93.99,0.08
1048576,874,0.02,165.27,0.08
1048576,875,0.03,365.43,0.11
1048576,876,0.05,128.21,0.08
1048576,877,0.03,168.92,0.28
1048576,878,0.03,124.35,0.16
1048576,879,0.02,125.27,0.21
1048576,880,0.02,99.81,0.11
1048576,881,0.05,91.58,0.08
1048576,882,0.04,337.88,0.55
1048576,883,0.05,127.24,0.10
1048576,884,0.04,265.63,0.18
1048576,885,0.04,100.09,0.09
1048576,886,0.03,153.22,0.12
1048576,887,0.06,98.29,0.12
1048576,888,0.18,136.97,0.09
1048576,889,0.05,180.28,0.12
1048576,890,0.03,150.26,0.09
1048576,891,0.03,268.86,0.13
1048576,892,0.05,234.35,0.15
1048576,893,0.04,107.74,0.10
1048576,894,0.04,199.69,0.09
1048576,895,0.03,284.12,0.18
1048576,896,0.03,178.34,0.17
1048576,897,0.10,151.57,0.21
1048576,898,0.04,441.35,0.17
1048576,899,0.04,118.46,0.10
1048576,900,0.04,655.54,0.10
1048576,901,0.04,124.86,0.11
1048576,902,0.10,121.08,0.10
1048576,903,0.05,145.39,0.14
1048576,904,0.06,405.72,0.21
1048576,905,0.18,171.08,0.27
1048576,906,0.06,128.20,0.22
1048576,907,0.05,384.79,0.11
1048576,908,0.14,124.34,0.11
1048576,909,0.03,265.94,0.12
1048576,910,0.03,135.85,0.15
1048576,911,0.08,420.89,0.14
1048576,912,0.06,205.40,0.11
1048576,913,0.06,249.37,0.12
1048576,914,0.06,205.69,0.11
1048576,915,0.04,115.65,0.10
1048576,916,0.04,531.44,0.10
1048576,917,0.03,312.88,0.18
1048576,918,0.10,111.10,0.11
1048576,919,0.06,1225.50,1.59
1048576,920,0.07,230.36,0.20
1048576,921,0.04,100.99,0.12
1048576,922,0.04,208.28,0.28
1048576,923,0.04,324.28,0.75
1048576,924,0.09,144.71,0.14
1048576,925,0.04,194.80,0.10
1048576,926,0.04,219.61,0.24
1048576,927,0.04,74.73,0.07
1048576,928,0.04,162.10,0.06
1048576,929,0.02,253.12,0.08
1048576,930,0.02,515.25,0.09
1048576,931,0.02,261.33,0.18
1048576,932,0.03,372.91,0.67
1048576,933,0.08,744.21,0.49
1048576,934,0.07,294.33,0.11
1048576,935,0.02,341.61,0.08
1048576,936,0.02,368.96,0.08
1048576,937,0.02,258.80,0.09
1048576,938,0.02,149.42,0.11
1048576,939,0.05,136.73,0.08
1048576,940,0.03,99.36,0.09
1048576,941,0.02,383.88,0.08
1048576,942,0.03,330.25,0.10
1048576,943,0.03,100.76,0.08
1048576,944,0.02,568.88,0.16
1048576,945,0.02,181.05,0.16
1048576,946,0.02,723.21,0.47
1048576,947,0.05,402.43,0.51
1048576,948,0.04,209.76,0.14
1048576,949,0.02,201.89,0.24
1048576,950,0.02,94.39,0.17
1048576,951,0.07,93.69,0.09
1048576,952,0.02,211.16,0.21
1048576,953,0.05,163.76,0.16
1048576,954,0.16,229.27,0.28
1048576,955,0.05,237.16,0.28
1048576,956,0.02,189.45,0.22
1048576,957,0.02,514.71,0.15
1048576,958,0.03,296.95,0.17
1048576,959,0.09,758.34,0.51
1048576,960,0.12,183.62,0.10
1048576,961,0.04,173.64,0.10
1048576,962,0.04,212.34,0.10
1048576,963,0.05,101.36,0.10
1048576,964,0.04,125.11,0.17
1048576,965,0.05,314.96,0.10
1048576,966,0.04,127.71,0.11
1048576,967,0.05,302.35,0.22
1048576,968,0.05,129.64,0.20
1048576,969,0.11,126.99,0.17
1048576,970,0.04,138.95,1.27
1048576,971,0.11,1987.74,2.12
1048576,972,0.10,770.80,0.22
1048576,973,0.05,307.95,0.22
1048576,974,0.05,528.63,0.47
1048576,975,0.13,411.83,0.28
1048576,976,0.16,308.62,0.24
1048576,977,0.05,1006.84,1.95
1048576,978,0.20,1960.31,1.21
1048576,979,0.13,308.44,0.28
1048576,980,0.06,408.25,0.22
1048576,981,0.05,223.38,0.30
1048576,982,0.05,939.84,1.87
1048576,983,0.12,238.83,0.36
1048576,984,0.06,265.35,0.54
1048576,985,0.14,225.48,0.26
1048576,986,0.08,1293.02,0.39
1048576,987,0.05,246.91,0.48
1048576,988,0.12,1497.49,0.54
1048576,989,0.11,2159.06,2.46
1048576,990,0.09,510.74,0.28
1048576,991,0.05,306.36,0.25
1048576,992,0.05,555.39,1.94
1048576,993,0.27,311.55,0.23
1048576,994,0.05,223.15,0.22
1048576,995,0.05,226.11,0.36
1048576,996,0.06,1536.83,1.15
1048576,997,0.09,628.02,0.65
1048576,998,0.11,309.49,0.40
1048576,999,0.06,794.01,2.99
