scheme,d,rep,verify_us
rechain,1,0,242.68
rechain,1,1,247.31
rechain,1,2,313.05
rechain,1,3,280.50
rechain,1,4,146.77
rechain,1,5,146.78
rechain,1,6,147.00
rechain,1,7,155.51
rechain,1,8,308.29
rechain,1,9,572.16
rechain,1,10,653.72
rechain,1,11,179.33
rechain,1,12,160.96
rechain,1,13,153.24
rechain,1,14,140.05
rechain,1,15,139.56
rechain,1,16,150.04
rechain,1,17,150.10
rechain,1,18,145.74
rechain,1,19,155.16
rechain,1,20,152.36
rechain,1,21,149.63
rechain,1,22,165.68
rechain,1,23,171.02
rechain,1,24,164.73
rechain,1,25,218.62
rechain,1,26,244.71
rechain,1,27,217.05
rechain,1,28,172.96
rechain,1,29,429.29
rechain,1,30,125.21
rechain,1,31,129.85
rechain,1,32,135.03
rechain,1,33,143.63
rechain,1,34,151.61
rechain,1,35,149.24
rechain,1,36,156.39
rechain,1,37,181.96
rechain,1,38,189.97
rechain,1,39,189.12
rechain,1,40,184.56
rechain,1,41,181.21
rechain,1,42,206.52
rechain,1,43,198.41
rechain,1,44,224.55
rechain,1,45,202.45
rechain,1,46,217.29
rechain,1,47,224.66
rechain,1,48,236.69
rechain,1,49,220.43
rechain,1,50,216.68
rechain,1,51,204.83
rechain,1,52,237.87
rechain,1,53,218.52
rechain,1,54,211.86
rechain,1,55,237.35
rechain,1,56,207.90
rechain,1,57,224.96
rechain,1,58,212.22
rechain,1,59,229.96
rechain,1,60,194.76
rechain,1,61,266.84
rechain,1,62,396.80
rechain,1,63,286.65
rechain,1,64,295.02
rechain,1,65,301.43
rechain,1,66,283.35
rechain,1,67,291.69
rechain,1,68,316.59
rechain,1,69,296.51
rechain,1,70,295.57
rechain,1,71,295.47
rechain,1,72,295.71
rechain,1,73,430.97
rechain,1,74,523.56
rechain,1,75,300.00
rechain,1,76,307.12
rechain,1,77,335.67
rechain,1,78,296.58
rechain,1,79,317.24
rechain,1,80,296.08
rechain,1,81,294.98
rechain,1,82,295.46
rechain,1,83,296.61
rechain,1,84,458.09
rechain,1,85,301.68
rechain,1,86,541.71
rechain,1,87,297.52
rechain,1,88,441.53
rechain,1,89,863.85
rechain,1,90,139.64
rechain,1,91,138.52
rechain,1,92,139.72
rechain,1,93,146.73
rechain,1,94,148.86
rechain,1,95,155.73
rechain,1,96,153.02
rechain,1,97,166.95
rechain,1,98,169.79
rechain,1,99,174.57
rechain,2,0,258.57
rechain,2,1,242.84
rechain,2,2,258.47
rechain,2,3,241.01
rechain,2,4,258.43
rechain,2,5,247.89
rechain,2,6,257.41
rechain,2,7,257.77
rechain,2,8,255.20
rechain,2,9,248.56
rechain,2,10,239.56
rechain,2,11,244.02
rechain,2,12,239.31
rechain,2,13,242.69
rechain,2,14,253.23
rechain,2,15,241.16
rechain,2,16,233.81
rechain,2,17,229.94
rechain,2,18,227.73
rechain,2,19,224.01
rechain,2,20,230.35
rechain,2,21,231.51
rechain,2,22,255.62
rechain,2,23,219.51
rechain,2,24,218.92
rechain,2,25,212.51
rechain,2,26,214.89
rechain,2,27,214.04
rechain,2,28,214.77
rechain,2,29,225.23
rechain,2,30,211.65
rechain,2,31,239.68
rechain,2,32,211.81
rechain,2,33,223.94
rechain,2,34,216.74
rechain,2,35,228.60
rechain,2,36,223.23
rechain,2,37,248.83
rechain,2,38,227.11
rechain,2,39,236.00
rechain,2,40,247.07
rechain,2,41,206.46
rechain,2,42,193.60
rechain,2,43,217.64
rechain,2,44,209.88
rechain,2,45,294.83
rechain,2,46,724.25
rechain,2,47,314.13
rechain,2,48,188.11
rechain,2,49,437.71
rechain,2,50,207.50
rechain,2,51,198.56
rechain,2,52,196.90
rechain,2,53,216.34
rechain,2,54,196.91
rechain,2,55,210.69
rechain,2,56,384.69
rechain,2,57,1145.85
rechain,2,58,281.89
rechain,2,59,224.78
rechain,2,60,225.71
rechain,2,61,175.55
rechain,2,62,453.32
rechain,2,63,376.69
rechain,2,64,395.06
rechain,2,65,272.72
rechain,2,66,329.33
rechain,2,67,384.40
rechain,2,68,259.19
rechain,2,69,212.67
rechain,2,70,283.77
rechain,2,71,243.56
rechain,2,72,262.82
rechain,2,73,241.82
rechain,2,74,267.16
rechain,2,75,260.18
rechain,2,76,278.87
rechain,2,77,315.76
rechain,2,78,545.41
rechain,2,79,535.32
rechain,2,80,670.77
rechain,2,81,339.89
rechain,2,82,246.14
rechain,2,83,288.99
rechain,2,84,227.69
rechain,2,85,255.96
rechain,2,86,303.34
rechain,2,87,204.00
rechain,2,88,463.21
rechain,2,89,2771.65
rechain,2,90,182.10
rechain,2,91,187.13
rechain,2,92,208.10
rechain,2,93,205.56
rechain,2,94,206.44
rechain,2,95,227.41
rechain,2,96,222.28
rechain,2,97,1249.20
rechain,2,98,215.82
rechain,2,99,172.94
rechain,4,0,273.71
rechain,4,1,299.94
rechain,4,2,323.48
rechain,4,3,2099.97
rechain,4,4,285.02
rechain,4,5,318.34
rechain,4,6,365.75
rechain,4,7,350.80
rechain,4,8,361.10
rechain,4,9,402.10
rechain,4,10,408.18
rechain,4,11,393.98
rechain,4,12,405.87
rechain,4,13,395.29
rechain,4,14,390.92
rechain,4,15,1366.52
rechain,4,16,381.17
rechain,4,17,333.08
rechain,4,18,274.74
rechain,4,19,662.43
rechain,4,20,621.72
rechain,4,21,1068.03
rechain,4,22,3237.04
rechain,4,23,304.01
rechain,4,24,443.14
rechain,4,25,465.61
rechain,4,26,251.87
rechain,4,27,626.92
rechain,4,28,300.22
rechain,4,29,263.56
rechain,4,30,302.96
rechain,4,31,298.81
rechain,4,32,325.68
rechain,4,33,338.19
rechain,4,34,302.07
rechain,4,35,308.79
rechain,4,36,307.87
rechain,4,37,341.28
rechain,4,38,327.71
rechain,4,39,322.14
rechain,4,40,305.55
rechain,4,41,310.58
rechain,4,42,335.71
rechain,4,43,311.06
rechain,4,44,309.37
rechain,4,45,288.52
rechain,4,46,290.78
rechain,4,47,296.27
rechain,4,48,310.36
rechain,4,49,2009.61
rechain,4,50,766.38
rechain,4,51,4884.32
rechain,4,52,1079.16
rechain,4,53,373.71
rechain,4,54,337.91
rechain,4,55,300.14
rechain,4,56,283.72
rechain,4,57,340.65
rechain,4,58,335.49
rechain,4,59,346.35
rechain,4,60,367.12
rechain,4,61,418.71
rechain,4,62,404.53
rechain,4,63,407.35
rechain,4,64,446.95
rechain,4,65,429.54
rechain,4,66,438.86
rechain,4,67,404.73
rechain,4,68,424.09
rechain,4,69,385.79
rechain,4,70,623.28
rechain,4,71,403.86
rechain,4,72,617.84
rechain,4,73,706.71
rechain,4,74,312.57
rechain,4,75,279.30
rechain,4,76,303.43
rechain,4,77,354.42
rechain,4,78,339.60
rechain,4,79,1079.53
rechain,4,80,311.83
rechain,4,81,329.48
rechain,4,82,358.44
rechain,4,83,372.79
rechain,4,84,389.58
rechain,4,85,428.98
rechain,4,86,405.99
rechain,4,87,345.69
rechain,4,88,544.75
rechain,4,89,362.88
rechain,4,90,284.22
rechain,4,91,306.77
rechain,4,92,383.34
rechain,4,93,510.60
rechain,4,94,348.50
rechain,4,95,331.32
rechain,4,96,324.03
rechain,4,97,360.47
rechain,4,98,332.85
rechain,4,99,356.58
rechain,8,0,562.33
rechain,8,1,553.68
rechain,8,2,551.54
rechain,8,3,529.88
rechain,8,4,536.70
rechain,8,5,1216.02
rechain,8,6,502.50
rechain,8,7,515.35
rechain,8,8,583.62
rechain,8,9,680.20
rechain,8,10,473.28
rechain,8,11,747.76
rechain,8,12,491.26
rechain,8,13,1129.71
rechain,8,14,981.59
rechain,8,15,835.19
rechain,8,16,668.75
rechain,8,17,514.31
rechain,8,18,816.38
rechain,8,19,459.70
rechain,8,20,468.56
rechain,8,21,518.65
rechain,8,22,622.05
rechain,8,23,628.13
rechain,8,24,617.74
rechain,8,25,639.31
rechain,8,26,607.11
rechain,8,27,596.53
rechain,8,28,3336.72
rechain,8,29,805.33
rechain,8,30,496.77
rechain,8,31,534.43
rechain,8,32,591.54
rechain,8,33,601.85
rechain,8,34,635.84
rechain,8,35,676.91
rechain,8,36,740.15
rechain,8,37,589.72
rechain,8,38,626.85
rechain,8,39,462.30
rechain,8,40,517.84
rechain,8,41,593.97
rechain,8,42,599.06
rechain,8,43,614.25
rechain,8,44,598.86
rechain,8,45,569.12
rechain,8,46,552.13
rechain,8,47,562.30
rechain,8,48,583.83
rechain,8,49,541.05
rechain,8,50,557.09
rechain,8,51,585.62
rechain,8,52,555.93
rechain,8,53,552.48
rechain,8,54,593.00
rechain,8,55,773.02
rechain,8,56,491.73
rechain,8,57,522.02
rechain,8,58,572.23
rechain,8,59,609.71
rechain,8,60,620.82
rechain,8,61,912.07
rechain,8,62,1201.65
rechain,8,63,639.33
rechain,8,64,1002.08
rechain,8,65,1384.96
rechain,8,66,515.98
rechain,8,67,553.00
rechain,8,68,597.87
rechain,8,69,570.06
rechain,8,70,572.71
rechain,8,71,579.64
rechain,8,72,548.12
rechain,8,73,550.14
rechain,8,74,538.03
rechain,8,75,553.59
rechain,8,76,520.16
rechain,8,77,532.40
rechain,8,78,553.85
rechain,8,79,551.66
rechain,8,80,547.58
rechain,8,81,585.46
rechain,8,82,2061.71
rechain,8,83,428.23
rechain,8,84,467.57
rechain,8,85,519.74
rechain,8,86,565.74
rechain,8,87,610.83
rechain,8,88,1410.58
rechain,8,89,506.44
rechain,8,90,3655.77
rechain,8,91,1989.78
rechain,8,92,1183.84
rechain,8,93,1604.72
rechain,8,94,2669.72
rechain,8,95,918.33
rechain,8,96,3911.16
rechain,8,97,959.56
rechain,8,98,915.62
rechain,8,99,1379.63
rechain,16,0,884.38
rechain,16,1,853.64
rechain,16,2,2407.33
rechain,16,3,1628.43
rechain,16,4,1935.07
rechain,16,5,1232.80
rechain,16,6,1073.82
rechain,16,7,1294.10
rechain,16,8,1426.05
rechain,16,9,1477.65
rechain,16,10,1407.42
rechain,16,11,4980.59
rechain,16,12,3794.75
rechain,16,13,1915.12
rechain,16,14,868.89
rechain,16,15,996.45
rechain,16,16,1013.19
rechain,16,17,957.86
rechain,16,18,923.15
rechain,16,19,884.99
rechain,16,20,883.77
rechain,16,21,886.66
rechain,16,22,5335.18
rechain,16,23,931.07
rechain,16,24,1132.15
rechain,16,25,1692.61
rechain,16,26,1280.69
rechain,16,27,977.33
rechain,16,28,1128.60
rechain,16,29,1156.55
rechain,16,30,1170.78
rechain,16,31,1066.50
rechain,16,32,1044.03
rechain,16,33,1370.36
rechain,16,34,4350.35
rechain,16,35,1881.33
rechain,16,36,2745.24
rechain,16,37,937.10
rechain,16,38,1140.47
rechain,16,39,1385.88
rechain,16,40,1511.32
rechain,16,41,1394.50
rechain,16,42,1301.67
rechain,16,43,4279.00
rechain,16,44,1139.69
rechain,16,45,1090.42
rechain,16,46,1215.09
rechain,16,47,1327.22
rechain,16,48,1893.43
rechain,16,49,867.79
rechain,16,50,1098.00
rechain,16,51,1073.82
rechain,16,52,1056.18
rechain,16,53,997.38
rechain,16,54,983.90
rechain,16,55,5189.12
rechain,16,56,1334.40
rechain,16,57,982.13
rechain,16,58,2545.21
rechain,16,59,930.73
rechain,16,60,1108.55
rechain,16,61,1159.87
rechain,16,62,1142.55
rechain,16,63,1085.66
rechain,16,64,1058.23
rechain,16,65,1023.73
rechain,16,66,2578.30
rechain,16,67,3215.65
rechain,16,68,2111.52
rechain,16,69,1171.17
rechain,16,70,2085.64
rechain,16,71,894.96
rechain,16,72,1030.25
rechain,16,73,983.20
rechain,16,74,4955.77
rechain,16,75,1610.63
rechain,16,76,1401.04
rechain,16,77,911.04
rechain,16,78,1099.06
rechain,16,79,1448.02
rechain,16,80,877.62
rechain,16,81,993.62
rechain,16,82,1045.58
rechain,16,83,1304.36
rechain,16,84,980.97
rechain,16,85,1172.55
rechain,16,86,1478.74
rechain,16,87,4018.87
rechain,16,88,1082.36
rechain,16,89,1244.85
rechain,16,90,1033.05
rechain,16,91,1166.96
rechain,16,92,1170.66
rechain,16,93,1061.02
rechain,16,94,919.59
rechain,16,95,1036.42
rechain,16,96,3954.12
rechain,16,97,2805.30
rechain,16,98,1782.27
rechain,16,99,881.20
rechain,32,0,1806.86
rechain,32,1,2821.52
rechain,32,2,2737.03
rechain,32,3,2403.18
rechain,32,4,2697.26
rechain,32,5,2228.09
rechain,32,6,2087.48
rechain,32,7,2265.79
rechain,32,8,2058.37
rechain,32,9,2114.08
rechain,32,10,2240.65
rechain,32,11,2502.98
rechain,32,12,1892.83
rechain,32,13,3868.16
rechain,32,14,2218.84
rechain,32,15,2036.94
rechain,32,16,2592.19
rechain,32,17,2134.19
rechain,32,18,2035.10
rechain,32,19,2020.97
rechain,32,20,1845.47
rechain,32,21,1846.58
rechain,32,22,1849.82
rechain,32,23,2104.74
rechain,32,24,2394.67
rechain,32,25,2961.06
rechain,32,26,1876.91
rechain,32,27,2133.80
rechain,32,28,2627.66
rechain,32,29,8196.28
rechain,32,30,2525.71
rechain,32,31,2228.19
rechain,32,32,1834.41
rechain,32,33,2293.25
rechain,32,34,4386.52
rechain,32,35,2843.95
rechain,32,36,3108.29
rechain,32,37,1821.16
rechain,32,38,2375.69
rechain,32,39,3374.17
rechain,32,40,1950.60
rechain,32,41,4391.67
rechain,32,42,1741.37
rechain,32,43,1929.33
rechain,32,44,2237.32
rechain,32,45,5435.45
rechain,32,46,2654.87
rechain,32,47,3273.66
rechain,32,48,2094.82
rechain,32,49,2070.12
rechain,32,50,2012.40
rechain,32,51,3451.51
rechain,32,52,3641.74
rechain,32,53,1936.94
rechain,32,54,2586.74
rechain,32,55,2238.56
rechain,32,56,2293.50
rechain,32,57,2654.03
rechain,32,58,2070.22
rechain,32,59,2695.09
rechain,32,60,2118.79
rechain,32,61,1848.03
rechain,32,62,1854.25
rechain,32,63,1749.98
rechain,32,64,2006.18
rechain,32,65,1975.50
rechain,32,66,2401.59
rechain,32,67,2030.30
rechain,32,68,2639.73
rechain,32,69,2702.23
rechain,32,70,2488.37
rechain,32,71,2956.93
rechain,32,72,2381.06
rechain,32,73,2696.79
rechain,32,74,2354.06
rechain,32,75,2937.03
rechain,32,76,5327.97
rechain,32,77,2069.30
rechain,32,78,2106.26
rechain,32,79,1990.40
rechain,32,80,2358.16
rechain,32,81,5660.37
rechain,32,82,2067.20
rechain,32,83,2774.45
rechain,32,84,1783.44
rechain,32,85,2428.17
rechain,32,86,5110.11
rechain,32,87,1788.82
rechain,32,88,1773.68
rechain,32,89,2095.33
rechain,32,90,2537.02
rechain,32,91,1964.24
rechain,32,92,2007.91
rechain,32,93,2326.52
rechain,32,94,7348.62
rechain,32,95,7221.74
rechain,32,96,1896.41
rechain,32,97,6571.17
rechain,32,98,2221.38
rechain,32,99,7195.37
rechain,64,0,8901.65
rechain,64,1,8477.60
rechain,64,2,3896.67
rechain,64,3,5792.53
rechain,64,4,16976.52
rechain,64,5,7758.32
rechain,64,6,7718.28
rechain,64,7,7062.68
rechain,64,8,3655.89
rechain,64,9,7707.64
rechain,64,10,10839.39
rechain,64,11,4046.00
rechain,64,12,8117.00
rechain,64,13,3576.22
rechain,64,14,12368.43
rechain,64,15,3393.38
rechain,64,16,9959.66
rechain,64,17,7872.42
rechain,64,18,7870.64
rechain,64,19,11162.08
rechain,64,20,3493.07
rechain,64,21,14003.25
rechain,64,22,5895.48
rechain,64,23,7372.52
rechain,64,24,6710.06
rechain,64,25,15723.72
rechain,64,26,8371.16
rechain,64,27,12777.95
rechain,64,28,13800.43
rechain,64,29,15530.93
rechain,64,30,8987.24
rechain,64,31,15274.10
rechain,64,32,5659.17
rechain,64,33,10755.28
rechain,64,34,7727.27
rechain,64,35,10376.08
rechain,64,36,3745.23
rechain,64,37,12164.99
rechain,64,38,12511.16
rechain,64,39,3657.61
rechain,64,40,4147.21
rechain,64,41,7669.24
rechain,64,42,7854.97
rechain,64,43,4252.57
rechain,64,44,4010.09
rechain,64,45,4140.66
rechain,64,46,5739.47
rechain,64,47,4175.45
rechain,64,48,3858.63
rechain,64,49,3717.21
rechain,64,50,3614.79
rechain,64,51,3435.52
rechain,64,52,3925.36
rechain,64,53,3534.69
rechain,64,54,3777.91
rechain,64,55,4068.07
rechain,64,56,5470.86
rechain,64,57,3767.15
rechain,64,58,3612.79
rechain,64,59,4067.19
rechain,64,60,5570.26
rechain,64,61,3317.74
rechain,64,62,3534.35
rechain,64,63,5631.86
rechain,64,64,4338.60
rechain,64,65,3903.47
rechain,64,66,6724.61
rechain,64,67,6189.81
rechain,64,68,5010.86
rechain,64,69,4638.57
rechain,64,70,5978.61
rechain,64,71,3808.74
rechain,64,72,6877.15
rechain,64,73,4697.36
rechain,64,74,3609.24
rechain,64,75,4489.94
rechain,64,76,6040.43
rechain,64,77,4456.57
rechain,64,78,4915.90
rechain,64,79,6989.09
rechain,64,80,3807.02
rechain,64,81,5049.89
rechain,64,82,5915.85
rechain,64,83,4382.05
rechain,64,84,4057.58
rechain,64,85,3774.18
rechain,64,86,5372.57
rechain,64,87,3688.14
rechain,64,88,3525.86
rechain,64,89,4896.46
rechain,64,90,4087.12
rechain,64,91,4469.61
rechain,64,92,4568.48
rechain,64,93,6852.39
rechain,64,94,6677.33
rechain,64,95,4792.86
rechain,64,96,6550.97
rechain,64,97,4189.91
rechain,64,98,4251.77
rechain,64,99,4335.89
evmldsa,0,0,70.41
evmldsa,0,1,91.05
evmldsa,0,2,74.48
evmldsa,0,3,70.92
evmldsa,0,4,69.73
evmldsa,0,5,71.25
evmldsa,0,6,78.21
evmldsa,0,7,78.61
evmldsa,0,8,72.96
evmldsa,0,9,69.98
evmldsa,0,10,71.10
evmldsa,0,11,71.80
evmldsa,0,12,71.78
evmldsa,0,13,75.65
evmldsa,0,14,77.72
evmldsa,0,15,77.12
evmldsa,0,16,74.05
evmldsa,0,17,72.45
evmldsa,0,18,80.39
evmldsa,0,19,68.21
evmldsa,0,20,67.92
evmldsa,0,21,68.26
evmldsa,0,22,67.94
evmldsa,0,23,69.32
evmldsa,0,24,68.96
evmldsa,0,25,68.36
evmldsa,0,26,81.83
evmldsa,0,27,70.84
evmldsa,0,28,69.08
evmldsa,0,29,69.77
evmldsa,0,30,67.85
evmldsa,0,31,80.11
evmldsa,0,32,68.14
evmldsa,0,33,66.30
evmldsa,0,34,66.32
evmldsa,0,35,68.46
evmldsa,0,36,67.92
evmldsa,0,37,68.50
evmldsa,0,38,66.90
evmldsa,0,39,68.76
evmldsa,0,40,67.58
evmldsa,0,41,71.78
evmldsa,0,42,67.12
evmldsa,0,43,67.23
evmldsa,0,44,69.47
evmldsa,0,45,67.64
evmldsa,0,46,66.78
evmldsa,0,47,67.23
evmldsa,0,48,68.26
evmldsa,0,49,67.97
evmldsa,0,50,68.38
evmldsa,0,51,70.99
evmldsa,0,52,77.87
evmldsa,0,53,66.60
evmldsa,0,54,68.12
evmldsa,0,55,67.10
evmldsa,0,56,66.90
evmldsa,0,57,66.86
evmldsa,0,58,68.37
evmldsa,0,59,66.52
evmldsa,0,60,71.01
evmldsa,0,61,68.09
evmldsa,0,62,68.04
evmldsa,0,63,69.49
evmldsa,0,64,67.01
evmldsa,0,65,69.66
evmldsa,0,66,67.34
evmldsa,0,67,766.86
evmldsa,0,68,71.57
evmldsa,0,69,66.80
evmldsa,0,70,120.01
evmldsa,0,71,92.63
evmldsa,0,72,92.02
evmldsa,0,73,54.31
evmldsa,0,74,51.46
evmldsa,0,75,51.44
evmldsa,0,76,51.53
evmldsa,0,77,54.13
evmldsa,0,78,64.33
evmldsa,0,79,67.18
evmldsa,0,80,55.56
evmldsa,0,81,56.51
evmldsa,0,82,57.19
evmldsa,0,83,57.09
evmldsa,0,84,57.23
evmldsa,0,85,57.27
evmldsa,0,86,57.83
evmldsa,0,87,62.42
evmldsa,0,88,63.63
evmldsa,0,89,62.45
evmldsa,0,90,68.36
evmldsa,0,91,64.74
evmldsa,0,92,66.43
evmldsa,0,93,63.37
evmldsa,0,94,67.97
evmldsa,0,95,72.20
evmldsa,0,96,69.81
evmldsa,0,97,69.99
evmldsa,0,98,69.75
evmldsa,0,99,67.32
evmldsa,0,100,69.06
evmldsa,0,101,68.96
evmldsa,0,102,70.81
evmldsa,0,103,71.35
evmldsa,0,104,75.93
evmldsa,0,105,73.21
evmldsa,0,106,72.80
evmldsa,0,107,72.63
evmldsa,0,108,71.38
evmldsa,0,109,75.66
evmldsa,0,110,76.95
evmldsa,0,111,226.06
evmldsa,0,112,94.37
evmldsa,0,113,166.82
evmldsa,0,114,89.35
evmldsa,0,115,212.33
evmldsa,0,116,76.47
evmldsa,0,117,76.01
evmldsa,0,118,84.96
evmldsa,0,119,78.09
evmldsa,0,120,76.61
evmldsa,0,121,72.19
evmldsa,0,122,71.93
evmldsa,0,123,72.66
evmldsa,0,124,78.72
evmldsa,0,125,71.95
evmldsa,0,126,71.92
evmldsa,0,127,74.79
evmldsa,0,128,76.14
evmldsa,0,129,75.17
evmldsa,0,130,81.87
evmldsa,0,131,72.14
evmldsa,0,132,75.20
evmldsa,0,133,74.86
evmldsa,0,134,76.06
evmldsa,0,135,84.50
evmldsa,0,136,74.04
evmldsa,0,137,84.45
evmldsa,0,138,60.01
evmldsa,0,139,56.33
evmldsa,0,140,55.76
evmldsa,0,141,63.04
evmldsa,0,142,56.09
evmldsa,0,143,55.76
evmldsa,0,144,56.44
evmldsa,0,145,55.76
evmldsa,0,146,55.58
evmldsa,0,147,56.06
evmldsa,0,148,55.60
evmldsa,0,149,55.52
evmldsa,0,150,56.05
evmldsa,0,151,56.12
evmldsa,0,152,56.18
evmldsa,0,153,60.05
evmldsa,0,154,830.26
evmldsa,0,155,67.53
evmldsa,0,156,47.41
evmldsa,0,157,46.96
evmldsa,0,158,47.21
evmldsa,0,159,46.73
evmldsa,0,160,46.74
evmldsa,0,161,53.03
evmldsa,0,162,61.71
evmldsa,0,163,57.67
evmldsa,0,164,58.04
evmldsa,0,165,57.03
evmldsa,0,166,57.75
evmldsa,0,167,57.23
evmldsa,0,168,60.97
evmldsa,0,169,61.98
evmldsa,0,170,71.83
evmldsa,0,171,96.83
evmldsa,0,172,95.44
evmldsa,0,173,87.99
evmldsa,0,174,68.05
evmldsa,0,175,60.60
evmldsa,0,176,72.66
evmldsa,0,177,120.71
evmldsa,0,178,106.92
evmldsa,0,179,99.69
evmldsa,0,180,83.55
evmldsa,0,181,80.37
evmldsa,0,182,62.40
evmldsa,0,183,59.90
evmldsa,0,184,66.69
evmldsa,0,185,66.77
evmldsa,0,186,109.05
evmldsa,0,187,84.79
evmldsa,0,188,58.96
evmldsa,0,189,59.04
evmldsa,0,190,51.59
evmldsa,0,191,50.95
evmldsa,0,192,51.64
evmldsa,0,193,51.51
evmldsa,0,194,59.30
evmldsa,0,195,51.54
evmldsa,0,196,57.92
evmldsa,0,197,52.74
evmldsa,0,198,53.66
evmldsa,0,199,56.83
evmldsa,0,200,54.72
evmldsa,0,201,57.58
evmldsa,0,202,57.58
evmldsa,0,203,66.19
evmldsa,0,204,57.09
evmldsa,0,205,56.77
evmldsa,0,206,57.69
evmldsa,0,207,60.14
evmldsa,0,208,59.74
evmldsa,0,209,59.90
evmldsa,0,210,61.58
evmldsa,0,211,60.84
evmldsa,0,212,61.13
evmldsa,0,213,65.68
evmldsa,0,214,67.74
evmldsa,0,215,66.52
evmldsa,0,216,66.46
evmldsa,0,217,66.80
evmldsa,0,218,67.76
evmldsa,0,219,70.62
evmldsa,0,220,69.86
evmldsa,0,221,68.73
evmldsa,0,222,66.38
evmldsa,0,223,67.30
evmldsa,0,224,65.78
evmldsa,0,225,65.62
evmldsa,0,226,65.31
evmldsa,0,227,67.75
evmldsa,0,228,70.34
evmldsa,0,229,68.17
evmldsa,0,230,80.05
evmldsa,0,231,69.57
evmldsa,0,232,68.93
evmldsa,0,233,81.60
evmldsa,0,234,71.05
evmldsa,0,235,70.65
evmldsa,0,236,70.11
evmldsa,0,237,69.78
evmldsa,0,238,71.07
evmldsa,0,239,76.96
evmldsa,0,240,68.91
evmldsa,0,241,69.60
evmldsa,0,242,70.07
evmldsa,0,243,69.55
evmldsa,0,244,69.55
evmldsa,0,245,70.20
evmldsa,0,246,67.89
evmldsa,0,247,69.16
evmldsa,0,248,68.11
evmldsa,0,249,68.39
evmldsa,0,250,67.35
evmldsa,0,251,67.95
evmldsa,0,252,68.08
evmldsa,0,253,77.58
evmldsa,0,254,66.67
evmldsa,0,255,66.94
evmldsa,0,256,66.60
evmldsa,0,257,67.44
evmldsa,0,258,66.62
evmldsa,0,259,66.95
evmldsa,0,260,68.10
evmldsa,0,261,67.29
evmldsa,0,262,68.83
evmldsa,0,263,69.04
evmldsa,0,264,67.62
evmldsa,0,265,66.96
evmldsa,0,266,66.95
evmldsa,0,267,66.09
evmldsa,0,268,66.62
evmldsa,0,269,68.26
evmldsa,0,270,65.34
evmldsa,0,271,64.18
evmldsa,0,272,63.81
evmldsa,0,273,63.93
evmldsa,0,274,64.16
evmldsa,0,275,65.09
evmldsa,0,276,75.85
evmldsa,0,277,64.43
evmldsa,0,278,64.68
evmldsa,0,279,65.47
evmldsa,0,280,76.58
evmldsa,0,281,66.51
evmldsa,0,282,65.02
evmldsa,0,283,64.73
evmldsa,0,284,66.89
evmldsa,0,285,62.79
evmldsa,0,286,63.31
evmldsa,0,287,64.50
evmldsa,0,288,63.75
evmldsa,0,289,66.06
evmldsa,0,290,65.99
evmldsa,0,291,64.70
evmldsa,0,292,67.47
evmldsa,0,293,62.73
evmldsa,0,294,66.50
evmldsa,0,295,65.68
evmldsa,0,296,67.37
evmldsa,0,297,68.33
evmldsa,0,298,73.56
evmldsa,0,299,80.95
